id,kode_provinsi,nama_provinsi,kode_kabupaten_kota,nama_kabupaten_kota,jenis_kematian,jenis_kelamin,jumlah_kematian,satuan,tahun
1,32,JAWA BARAT,3201,KABUPATEN BOGOR,ANAK BALITA,LAKI-LAKI,2,JIWA,2012
2,32,JAWA BARAT,3201,KABUPATEN BOGOR,ANAK BALITA,PEREMPUAN,12,JIWA,2012
3,32,JAWA BARAT,3201,KABUPATEN BOGOR,BAYI,LAKI-LAKI,67,JIWA,2012
4,32,JAWA BARAT,3201,KABUPATEN BOGOR,BAYI,PEREMPUAN,129,JIWA,2012
5,32,JAWA BARAT,3202,KABUPATEN SUKABUMI,ANAK BALITA,LAKI-LAKI,15,JIWA,2012
6,32,JAWA BARAT,3202,KABUPATEN SUKABUMI,ANAK BALITA,PEREMPUAN,18,JIWA,2012
7,32,JAWA BARAT,3202,KABUPATEN SUKABUMI,BAYI,LAKI-LAKI,276,JIWA,2012
8,32,JAWA BARAT,3202,KABUPATEN SUKABUMI,BAYI,PEREMPUAN,215,JIWA,2012
9,32,JAWA BARAT,3206,KABUPATEN TASIKMALAYA,ANAK BALITA,LAKI-LAKI,19,JIWA,2012
10,32,JAWA BARAT,3206,KABUPATEN TASIKMALAYA,ANAK BALITA,PEREMPUAN,19,JIWA,2012
11,32,JAWA BARAT,3206,KABUPATEN TASIKMALAYA,BAYI,LAKI-LAKI,244,JIWA,2012
12,32,JAWA BARAT,3206,KABUPATEN TASIKMALAYA,BAYI,PEREMPUAN,162,JIWA,2012
13,32,JAWA BARAT,3209,KABUPATEN CIREBON,ANAK BALITA,LAKI-LAKI,4,JIWA,2012
14,32,JAWA BARAT,3209,KABUPATEN CIREBON,ANAK BALITA,PEREMPUAN,5,JIWA,2012
15,32,JAWA BARAT,3210,KABUPATEN MAJALENGKA,ANAK BALITA,LAKI-LAKI,12,JIWA,2012
16,32,JAWA BARAT,3210,KABUPATEN MAJALENGKA,ANAK BALITA,PEREMPUAN,10,JIWA,2012
17,32,JAWA BARAT,3210,KABUPATEN MAJALENGKA,BAYI,LAKI-LAKI,130,JIWA,2012
18,32,JAWA BARAT,3210,KABUPATEN MAJALENGKA,BAYI,PEREMPUAN,169,JIWA,2012
19,32,JAWA BARAT,3212,KABUPATEN INDRAMAYU,ANAK BALITA,LAKI-LAKI,8,JIWA,2012
20,32,JAWA BARAT,3212,KABUPATEN INDRAMAYU,ANAK BALITA,PEREMPUAN,8,JIWA,2012
21,32,JAWA BARAT,3212,KABUPATEN INDRAMAYU,BAYI,LAKI-LAKI,209,JIWA,2012
22,32,JAWA BARAT,3212,KABUPATEN INDRAMAYU,BAYI,PEREMPUAN,141,JIWA,2012
23,32,JAWA BARAT,3213,KABUPATEN SUBANG,ANAK BALITA,LAKI-LAKI,3,JIWA,2012
24,32,JAWA BARAT,3213,KABUPATEN SUBANG,ANAK BALITA,PEREMPUAN,5,JIWA,2012
25,32,JAWA BARAT,3213,KABUPATEN SUBANG,BAYI,LAKI-LAKI,68,JIWA,2012
26,32,JAWA BARAT,3213,KABUPATEN SUBANG,BAYI,PEREMPUAN,44,JIWA,2012
27,32,JAWA BARAT,3214,KABUPATEN PURWAKARTA,ANAK BALITA,LAKI-LAKI,6,JIWA,2012
28,32,JAWA BARAT,3214,KABUPATEN PURWAKARTA,ANAK BALITA,PEREMPUAN,6,JIWA,2012
29,32,JAWA BARAT,3214,KABUPATEN PURWAKARTA,BAYI,LAKI-LAKI,79,JIWA,2012
30,32,JAWA BARAT,3214,KABUPATEN PURWAKARTA,BAYI,PEREMPUAN,63,JIWA,2012
31,32,JAWA BARAT,3216,KABUPATEN BEKASI,ANAK BALITA,LAKI-LAKI,8,JIWA,2012
32,32,JAWA BARAT,3216,KABUPATEN BEKASI,ANAK BALITA,PEREMPUAN,4,JIWA,2012
33,32,JAWA BARAT,3216,KABUPATEN BEKASI,BAYI,LAKI-LAKI,70,JIWA,2012
34,32,JAWA BARAT,3216,KABUPATEN BEKASI,BAYI,PEREMPUAN,68,JIWA,2012
35,32,JAWA BARAT,3217,KABUPATEN BANDUNG BARAT,ANAK BALITA,LAKI-LAKI,2,JIWA,2012
36,32,JAWA BARAT,3217,KABUPATEN BANDUNG BARAT,ANAK BALITA,PEREMPUAN,1,JIWA,2012
37,32,JAWA BARAT,3217,KABUPATEN BANDUNG BARAT,BAYI,LAKI-LAKI,17,JIWA,2012
38,32,JAWA BARAT,3217,KABUPATEN BANDUNG BARAT,BAYI,PEREMPUAN,17,JIWA,2012
39,32,JAWA BARAT,3274,KOTA CIREBON,ANAK BALITA,LAKI-LAKI,5,JIWA,2012
40,32,JAWA BARAT,3274,KOTA CIREBON,ANAK BALITA,PEREMPUAN,5,JIWA,2012
41,32,JAWA BARAT,3274,KOTA CIREBON,BAYI,LAKI-LAKI,32,JIWA,2012
42,32,JAWA BARAT,3274,KOTA CIREBON,BAYI,PEREMPUAN,19,JIWA,2012
43,32,JAWA BARAT,3277,KOTA CIMAHI,ANAK BALITA,LAKI-LAKI,0,JIWA,2012
44,32,JAWA BARAT,3277,KOTA CIMAHI,ANAK BALITA,PEREMPUAN,0,JIWA,2012
45,32,JAWA BARAT,3277,KOTA CIMAHI,BAYI,LAKI-LAKI,39,JIWA,2012
46,32,JAWA BARAT,3277,KOTA CIMAHI,BAYI,PEREMPUAN,41,JIWA,2012
47,32,JAWA BARAT,3279,KOTA BANJAR,ANAK BALITA,LAKI-LAKI,7,JIWA,2012
48,32,JAWA BARAT,3279,KOTA BANJAR,ANAK BALITA,PEREMPUAN,3,JIWA,2012
49,32,JAWA BARAT,3279,KOTA BANJAR,BAYI,LAKI-LAKI,35,JIWA,2012
50,32,JAWA BARAT,3279,KOTA BANJAR,BAYI,PEREMPUAN,15,JIWA,2012
51,32,JAWA BARAT,3201,KABUPATEN BOGOR,ANAK BALITA,LAKI-LAKI,4,JIWA,2013
52,32,JAWA BARAT,3201,KABUPATEN BOGOR,ANAK BALITA,PEREMPUAN,4,JIWA,2013
53,32,JAWA BARAT,3201,KABUPATEN BOGOR,BAYI,LAKI-LAKI,92,JIWA,2013
54,32,JAWA BARAT,3201,KABUPATEN BOGOR,BAYI,PEREMPUAN,74,JIWA,2013
55,32,JAWA BARAT,3202,KABUPATEN SUKABUMI,ANAK BALITA,LAKI-LAKI,19,JIWA,2013
56,32,JAWA BARAT,3202,KABUPATEN SUKABUMI,ANAK BALITA,PEREMPUAN,20,JIWA,2013
57,32,JAWA BARAT,3202,KABUPATEN SUKABUMI,BAYI,LAKI-LAKI,284,JIWA,2013
58,32,JAWA BARAT,3202,KABUPATEN SUKABUMI,BAYI,PEREMPUAN,220,JIWA,2013
59,32,JAWA BARAT,3210,KABUPATEN MAJALENGKA,ANAK BALITA,LAKI-LAKI,7,JIWA,2013
60,32,JAWA BARAT,3210,KABUPATEN MAJALENGKA,ANAK BALITA,PEREMPUAN,10,JIWA,2013
61,32,JAWA BARAT,3210,KABUPATEN MAJALENGKA,BAYI,LAKI-LAKI,130,JIWA,2013
62,32,JAWA BARAT,3210,KABUPATEN MAJALENGKA,BAYI,PEREMPUAN,117,JIWA,2013
63,32,JAWA BARAT,3211,KABUPATEN SUMEDANG,ANAK BALITA,LAKI-LAKI,6,JIWA,2013
64,32,JAWA BARAT,3211,KABUPATEN SUMEDANG,ANAK BALITA,PEREMPUAN,12,JIWA,2013
65,32,JAWA BARAT,3211,KABUPATEN SUMEDANG,BAYI,LAKI-LAKI,123,JIWA,2013
66,32,JAWA BARAT,3211,KABUPATEN SUMEDANG,BAYI,PEREMPUAN,82,JIWA,2013
67,32,JAWA BARAT,3212,KABUPATEN INDRAMAYU,ANAK BALITA,LAKI-LAKI,7,JIWA,2013
68,32,JAWA BARAT,3212,KABUPATEN INDRAMAYU,ANAK BALITA,PEREMPUAN,2,JIWA,2013
69,32,JAWA BARAT,3212,KABUPATEN INDRAMAYU,BAYI,LAKI-LAKI,208,JIWA,2013
70,32,JAWA BARAT,3212,KABUPATEN INDRAMAYU,BAYI,PEREMPUAN,147,JIWA,2013
71,32,JAWA BARAT,3213,KABUPATEN SUBANG,ANAK BALITA,LAKI-LAKI,1,JIWA,2013
72,32,JAWA BARAT,3213,KABUPATEN SUBANG,ANAK BALITA,PEREMPUAN,2,JIWA,2013
73,32,JAWA BARAT,3213,KABUPATEN SUBANG,BAYI,LAKI-LAKI,53,JIWA,2013
74,32,JAWA BARAT,3213,KABUPATEN SUBANG,BAYI,PEREMPUAN,65,JIWA,2013
75,32,JAWA BARAT,3216,KABUPATEN BEKASI,ANAK BALITA,LAKI-LAKI,7,JIWA,2013
76,32,JAWA BARAT,3216,KABUPATEN BEKASI,ANAK BALITA,PEREMPUAN,11,JIWA,2013
77,32,JAWA BARAT,3216,KABUPATEN BEKASI,BAYI,LAKI-LAKI,80,JIWA,2013
78,32,JAWA BARAT,3216,KABUPATEN BEKASI,BAYI,PEREMPUAN,69,JIWA,2013
79,32,JAWA BARAT,3271,KOTA BOGOR,ANAK BALITA,LAKI-LAKI,0,JIWA,2013
80,32,JAWA BARAT,3271,KOTA BOGOR,ANAK BALITA,PEREMPUAN,0,JIWA,2013
81,32,JAWA BARAT,3271,KOTA BOGOR,BAYI,LAKI-LAKI,28,JIWA,2013
82,32,JAWA BARAT,3271,KOTA BOGOR,BAYI,PEREMPUAN,34,JIWA,2013
83,32,JAWA BARAT,3272,KOTA SUKABUMI,ANAK BALITA,LAKI-LAKI,4,JIWA,2013
84,32,JAWA BARAT,3272,KOTA SUKABUMI,ANAK BALITA,PEREMPUAN,0,JIWA,2013
85,32,JAWA BARAT,3272,KOTA SUKABUMI,BAYI,LAKI-LAKI,39,JIWA,2013
86,32,JAWA BARAT,3272,KOTA SUKABUMI,BAYI,PEREMPUAN,21,JIWA,2013
87,32,JAWA BARAT,3274,KOTA CIREBON,ANAK BALITA,LAKI-LAKI,4,JIWA,2013
88,32,JAWA BARAT,3274,KOTA CIREBON,ANAK BALITA,PEREMPUAN,5,JIWA,2013
89,32,JAWA BARAT,3274,KOTA CIREBON,BAYI,LAKI-LAKI,24,JIWA,2013
90,32,JAWA BARAT,3274,KOTA CIREBON,BAYI,PEREMPUAN,15,JIWA,2013
91,32,JAWA BARAT,3276,KOTA DEPOK,ANAK BALITA,LAKI-LAKI,5,JIWA,2013
92,32,JAWA BARAT,3276,KOTA DEPOK,ANAK BALITA,PEREMPUAN,6,JIWA,2013
93,32,JAWA BARAT,3276,KOTA DEPOK,BAYI,LAKI-LAKI,61,JIWA,2013
94,32,JAWA BARAT,3276,KOTA DEPOK,BAYI,PEREMPUAN,52,JIWA,2013
95,32,JAWA BARAT,3277,KOTA CIMAHI,ANAK BALITA,LAKI-LAKI,1,JIWA,2013
96,32,JAWA BARAT,3277,KOTA CIMAHI,ANAK BALITA,PEREMPUAN,2,JIWA,2013
97,32,JAWA BARAT,3277,KOTA CIMAHI,BAYI,LAKI-LAKI,39,JIWA,2013
98,32,JAWA BARAT,3277,KOTA CIMAHI,BAYI,PEREMPUAN,34,JIWA,2013
99,32,JAWA BARAT,3278,KOTA TASIKMALAYA,ANAK BALITA,LAKI-LAKI,12,JIWA,2013
100,32,JAWA BARAT,3278,KOTA TASIKMALAYA,ANAK BALITA,PEREMPUAN,12,JIWA,2013
101,32,JAWA BARAT,3278,KOTA TASIKMALAYA,BAYI,LAKI-LAKI,63,JIWA,2013
102,32,JAWA BARAT,3278,KOTA TASIKMALAYA,BAYI,PEREMPUAN,33,JIWA,2013
103,32,JAWA BARAT,3279,KOTA BANJAR,ANAK BALITA,LAKI-LAKI,7,JIWA,2013
104,32,JAWA BARAT,3279,KOTA BANJAR,ANAK BALITA,PEREMPUAN,6,JIWA,2013
105,32,JAWA BARAT,3279,KOTA BANJAR,BAYI,LAKI-LAKI,29,JIWA,2013
106,32,JAWA BARAT,3279,KOTA BANJAR,BAYI,PEREMPUAN,24,JIWA,2013
107,32,JAWA BARAT,3201,KABUPATEN BOGOR,ANAK BALITA,LAKI-LAKI,15,JIWA,2014
108,32,JAWA BARAT,3201,KABUPATEN BOGOR,ANAK BALITA,PEREMPUAN,5,JIWA,2014
109,32,JAWA BARAT,3201,KABUPATEN BOGOR,BAYI,LAKI-LAKI,115,JIWA,2014
110,32,JAWA BARAT,3201,KABUPATEN BOGOR,BAYI,PEREMPUAN,101,JIWA,2014
111,32,JAWA BARAT,3201,KABUPATEN BOGOR,NEONATAL,LAKI-LAKI,92,JIWA,2014
112,32,JAWA BARAT,3201,KABUPATEN BOGOR,NEONATAL,PEREMPUAN,88,JIWA,2014
113,32,JAWA BARAT,3206,KABUPATEN TASIKMALAYA,ANAK BALITA,LAKI-LAKI,14,JIWA,2014
114,32,JAWA BARAT,3206,KABUPATEN TASIKMALAYA,ANAK BALITA,PEREMPUAN,6,JIWA,2014
115,32,JAWA BARAT,3206,KABUPATEN TASIKMALAYA,BAYI,LAKI-LAKI,191,JIWA,2014
116,32,JAWA BARAT,3206,KABUPATEN TASIKMALAYA,BAYI,PEREMPUAN,107,JIWA,2014
117,32,JAWA BARAT,3206,KABUPATEN TASIKMALAYA,NEONATAL,LAKI-LAKI,146,JIWA,2014
118,32,JAWA BARAT,3206,KABUPATEN TASIKMALAYA,NEONATAL,PEREMPUAN,81,JIWA,2014
119,32,JAWA BARAT,3207,KABUPATEN CIAMIS,ANAK BALITA,LAKI-LAKI,9,JIWA,2014
120,32,JAWA BARAT,3207,KABUPATEN CIAMIS,ANAK BALITA,PEREMPUAN,7,JIWA,2014
121,32,JAWA BARAT,3207,KABUPATEN CIAMIS,BAYI,LAKI-LAKI,112,JIWA,2014
122,32,JAWA BARAT,3207,KABUPATEN CIAMIS,BAYI,PEREMPUAN,71,JIWA,2014
123,32,JAWA BARAT,3207,KABUPATEN CIAMIS,NEONATAL,LAKI-LAKI,86,JIWA,2014
124,32,JAWA BARAT,3207,KABUPATEN CIAMIS,NEONATAL,PEREMPUAN,51,JIWA,2014
125,32,JAWA BARAT,3208,KABUPATEN KUNINGAN,ANAK BALITA,LAKI-LAKI,5,JIWA,2014
126,32,JAWA BARAT,3208,KABUPATEN KUNINGAN,ANAK BALITA,PEREMPUAN,6,JIWA,2014
127,32,JAWA BARAT,3208,KABUPATEN KUNINGAN,BAYI,LAKI-LAKI,101,JIWA,2014
128,32,JAWA BARAT,3208,KABUPATEN KUNINGAN,BAYI,PEREMPUAN,83,JIWA,2014
129,32,JAWA BARAT,3208,KABUPATEN KUNINGAN,NEONATAL,LAKI-LAKI,81,JIWA,2014
130,32,JAWA BARAT,3208,KABUPATEN KUNINGAN,NEONATAL,PEREMPUAN,60,JIWA,2014
131,32,JAWA BARAT,3211,KABUPATEN SUMEDANG,ANAK BALITA,LAKI-LAKI,11,JIWA,2014
132,32,JAWA BARAT,3211,KABUPATEN SUMEDANG,ANAK BALITA,PEREMPUAN,13,JIWA,2014
133,32,JAWA BARAT,3211,KABUPATEN SUMEDANG,BAYI,LAKI-LAKI,120,JIWA,2014
134,32,JAWA BARAT,3211,KABUPATEN SUMEDANG,BAYI,PEREMPUAN,82,JIWA,2014
135,32,JAWA BARAT,3211,KABUPATEN SUMEDANG,NEONATAL,LAKI-LAKI,81,JIWA,2014
136,32,JAWA BARAT,3211,KABUPATEN SUMEDANG,NEONATAL,PEREMPUAN,49,JIWA,2014
137,32,JAWA BARAT,3214,KABUPATEN PURWAKARTA,ANAK BALITA,LAKI-LAKI,8,JIWA,2014
138,32,JAWA BARAT,3214,KABUPATEN PURWAKARTA,ANAK BALITA,PEREMPUAN,4,JIWA,2014
139,32,JAWA BARAT,3214,KABUPATEN PURWAKARTA,BAYI,LAKI-LAKI,74,JIWA,2014
140,32,JAWA BARAT,3214,KABUPATEN PURWAKARTA,BAYI,PEREMPUAN,64,JIWA,2014
141,32,JAWA BARAT,3214,KABUPATEN PURWAKARTA,NEONATAL,LAKI-LAKI,56,JIWA,2014
142,32,JAWA BARAT,3214,KABUPATEN PURWAKARTA,NEONATAL,PEREMPUAN,52,JIWA,2014
143,32,JAWA BARAT,3218,KABUPATEN PANGANDARAN,ANAK BALITA,LAKI-LAKI,1,JIWA,2014
144,32,JAWA BARAT,3218,KABUPATEN PANGANDARAN,ANAK BALITA,PEREMPUAN,0,JIWA,2014
145,32,JAWA BARAT,3218,KABUPATEN PANGANDARAN,BAYI,LAKI-LAKI,24,JIWA,2014
146,32,JAWA BARAT,3218,KABUPATEN PANGANDARAN,BAYI,PEREMPUAN,27,JIWA,2014
147,32,JAWA BARAT,3218,KABUPATEN PANGANDARAN,NEONATAL,LAKI-LAKI,17,JIWA,2014
148,32,JAWA BARAT,3218,KABUPATEN PANGANDARAN,NEONATAL,PEREMPUAN,20,JIWA,2014
149,32,JAWA BARAT,3271,KOTA BOGOR,ANAK BALITA,LAKI-LAKI,2,JIWA,2014
150,32,JAWA BARAT,3271,KOTA BOGOR,ANAK BALITA,PEREMPUAN,6,JIWA,2014
151,32,JAWA BARAT,3271,KOTA BOGOR,BAYI,LAKI-LAKI,33,JIWA,2014
152,32,JAWA BARAT,3271,KOTA BOGOR,BAYI,PEREMPUAN,22,JIWA,2014
153,32,JAWA BARAT,3271,KOTA BOGOR,NEONATAL,LAKI-LAKI,28,JIWA,2014
154,32,JAWA BARAT,3271,KOTA BOGOR,NEONATAL,PEREMPUAN,17,JIWA,2014
155,32,JAWA BARAT,3272,KOTA SUKABUMI,ANAK BALITA,LAKI-LAKI,4,JIWA,2014
156,32,JAWA BARAT,3272,KOTA SUKABUMI,ANAK BALITA,PEREMPUAN,4,JIWA,2014
157,32,JAWA BARAT,3272,KOTA SUKABUMI,BAYI,LAKI-LAKI,34,JIWA,2014
158,32,JAWA BARAT,3272,KOTA SUKABUMI,BAYI,PEREMPUAN,15,JIWA,2014
159,32,JAWA BARAT,3272,KOTA SUKABUMI,NEONATAL,LAKI-LAKI,22,JIWA,2014
160,32,JAWA BARAT,3272,KOTA SUKABUMI,NEONATAL,PEREMPUAN,8,JIWA,2014
161,32,JAWA BARAT,3274,KOTA CIREBON,ANAK BALITA,LAKI-LAKI,10,JIWA,2014
162,32,JAWA BARAT,3274,KOTA CIREBON,ANAK BALITA,PEREMPUAN,6,JIWA,2014
163,32,JAWA BARAT,3274,KOTA CIREBON,BAYI,LAKI-LAKI,20,JIWA,2014
164,32,JAWA BARAT,3274,KOTA CIREBON,BAYI,PEREMPUAN,18,JIWA,2014
165,32,JAWA BARAT,3274,KOTA CIREBON,NEONATAL,LAKI-LAKI,16,JIWA,2014
166,32,JAWA BARAT,3274,KOTA CIREBON,NEONATAL,PEREMPUAN,12,JIWA,2014
167,32,JAWA BARAT,3276,KOTA DEPOK,ANAK BALITA,LAKI-LAKI,8,JIWA,2014
168,32,JAWA BARAT,3276,KOTA DEPOK,ANAK BALITA,PEREMPUAN,8,JIWA,2014
169,32,JAWA BARAT,3276,KOTA DEPOK,BAYI,LAKI-LAKI,54,JIWA,2014
170,32,JAWA BARAT,3276,KOTA DEPOK,BAYI,PEREMPUAN,29,JIWA,2014
171,32,JAWA BARAT,3276,KOTA DEPOK,NEONATAL,LAKI-LAKI,38,JIWA,2014
172,32,JAWA BARAT,3276,KOTA DEPOK,NEONATAL,PEREMPUAN,23,JIWA,2014
173,32,JAWA BARAT,3277,KOTA CIMAHI,ANAK BALITA,LAKI-LAKI,3,JIWA,2014
174,32,JAWA BARAT,3277,KOTA CIMAHI,ANAK BALITA,PEREMPUAN,1,JIWA,2014
175,32,JAWA BARAT,3277,KOTA CIMAHI,BAYI,LAKI-LAKI,39,JIWA,2014
176,32,JAWA BARAT,3277,KOTA CIMAHI,BAYI,PEREMPUAN,39,JIWA,2014
177,32,JAWA BARAT,3277,KOTA CIMAHI,NEONATAL,LAKI-LAKI,31,JIWA,2014
178,32,JAWA BARAT,3277,KOTA CIMAHI,NEONATAL,PEREMPUAN,29,JIWA,2014
179,32,JAWA BARAT,3278,KOTA TASIKMALAYA,ANAK BALITA,LAKI-LAKI,12,JIWA,2014
180,32,JAWA BARAT,3278,KOTA TASIKMALAYA,ANAK BALITA,PEREMPUAN,10,JIWA,2014
181,32,JAWA BARAT,3278,KOTA TASIKMALAYA,BAYI,LAKI-LAKI,75,JIWA,2014
182,32,JAWA BARAT,3278,KOTA TASIKMALAYA,BAYI,PEREMPUAN,72,JIWA,2014
183,32,JAWA BARAT,3278,KOTA TASIKMALAYA,NEONATAL,LAKI-LAKI,61,JIWA,2014
184,32,JAWA BARAT,3278,KOTA TASIKMALAYA,NEONATAL,PEREMPUAN,57,JIWA,2014
185,32,JAWA BARAT,3279,KOTA BANJAR,ANAK BALITA,LAKI-LAKI,6,JIWA,2014
186,32,JAWA BARAT,3279,KOTA BANJAR,ANAK BALITA,PEREMPUAN,5,JIWA,2014
187,32,JAWA BARAT,3279,KOTA BANJAR,BAYI,LAKI-LAKI,22,JIWA,2014
188,32,JAWA BARAT,3279,KOTA BANJAR,BAYI,PEREMPUAN,11,JIWA,2014
189,32,JAWA BARAT,3279,KOTA BANJAR,NEONATAL,LAKI-LAKI,15,JIWA,2014
190,32,JAWA BARAT,3279,KOTA BANJAR,NEONATAL,PEREMPUAN,4,JIWA,2014
191,32,JAWA BARAT,3201,KABUPATEN BOGOR,ANAK BALITA,LAKI-LAKI,3,JIWA,2015
192,32,JAWA BARAT,3201,KABUPATEN BOGOR,ANAK BALITA,PEREMPUAN,3,JIWA,2015
193,32,JAWA BARAT,3201,KABUPATEN BOGOR,BAYI,LAKI-LAKI,103,JIWA,2015
194,32,JAWA BARAT,3201,KABUPATEN BOGOR,BAYI,PEREMPUAN,96,JIWA,2015
195,32,JAWA BARAT,3201,KABUPATEN BOGOR,NEONATAL,LAKI-LAKI,84,JIWA,2015
196,32,JAWA BARAT,3201,KABUPATEN BOGOR,NEONATAL,PEREMPUAN,85,JIWA,2015
197,32,JAWA BARAT,3202,KABUPATEN SUKABUMI,ANAK BALITA,LAKI-LAKI,16,JIWA,2015
198,32,JAWA BARAT,3202,KABUPATEN SUKABUMI,ANAK BALITA,PEREMPUAN,24,JIWA,2015
199,32,JAWA BARAT,3202,KABUPATEN SUKABUMI,BAYI,LAKI-LAKI,243,JIWA,2015
200,32,JAWA BARAT,3202,KABUPATEN SUKABUMI,BAYI,PEREMPUAN,141,JIWA,2015
201,32,JAWA BARAT,3202,KABUPATEN SUKABUMI,NEONATAL,LAKI-LAKI,206,JIWA,2015
202,32,JAWA BARAT,3202,KABUPATEN SUKABUMI,NEONATAL,PEREMPUAN,99,JIWA,2015
203,32,JAWA BARAT,3203,KABUPATEN CIANJUR,ANAK BALITA,LAKI-LAKI,0,JIWA,2015
204,32,JAWA BARAT,3203,KABUPATEN CIANJUR,ANAK BALITA,PEREMPUAN,0,JIWA,2015
205,32,JAWA BARAT,3203,KABUPATEN CIANJUR,BAYI,LAKI-LAKI,0,JIWA,2015
206,32,JAWA BARAT,3203,KABUPATEN CIANJUR,BAYI,PEREMPUAN,0,JIWA,2015
207,32,JAWA BARAT,3203,KABUPATEN CIANJUR,NEONATAL,LAKI-LAKI,0,JIWA,2015
208,32,JAWA BARAT,3203,KABUPATEN CIANJUR,NEONATAL,PEREMPUAN,0,JIWA,2015
209,32,JAWA BARAT,3204,KABUPATEN BANDUNG,ANAK BALITA,LAKI-LAKI,0,JIWA,2015
210,32,JAWA BARAT,3204,KABUPATEN BANDUNG,ANAK BALITA,PEREMPUAN,2,JIWA,2015
211,32,JAWA BARAT,3204,KABUPATEN BANDUNG,BAYI,LAKI-LAKI,94,JIWA,2015
212,32,JAWA BARAT,3204,KABUPATEN BANDUNG,BAYI,PEREMPUAN,87,JIWA,2015
213,32,JAWA BARAT,3204,KABUPATEN BANDUNG,NEONATAL,LAKI-LAKI,84,JIWA,2015
214,32,JAWA BARAT,3204,KABUPATEN BANDUNG,NEONATAL,PEREMPUAN,79,JIWA,2015
215,32,JAWA BARAT,3205,KABUPATEN GARUT,ANAK BALITA,LAKI-LAKI,0,JIWA,2015
216,32,JAWA BARAT,3205,KABUPATEN GARUT,ANAK BALITA,PEREMPUAN,0,JIWA,2015
217,32,JAWA BARAT,3205,KABUPATEN GARUT,BAYI,LAKI-LAKI,0,JIWA,2015
218,32,JAWA BARAT,3205,KABUPATEN GARUT,BAYI,PEREMPUAN,0,JIWA,2015
219,32,JAWA BARAT,3205,KABUPATEN GARUT,NEONATAL,LAKI-LAKI,0,JIWA,2015
220,32,JAWA BARAT,3205,KABUPATEN GARUT,NEONATAL,PEREMPUAN,0,JIWA,2015
221,32,JAWA BARAT,3206,KABUPATEN TASIKMALAYA,ANAK BALITA,LAKI-LAKI,10,JIWA,2015
222,32,JAWA BARAT,3206,KABUPATEN TASIKMALAYA,ANAK BALITA,PEREMPUAN,6,JIWA,2015
223,32,JAWA BARAT,3206,KABUPATEN TASIKMALAYA,BAYI,LAKI-LAKI,179,JIWA,2015
224,32,JAWA BARAT,3206,KABUPATEN TASIKMALAYA,BAYI,PEREMPUAN,115,JIWA,2015
225,32,JAWA BARAT,3206,KABUPATEN TASIKMALAYA,NEONATAL,LAKI-LAKI,138,JIWA,2015
226,32,JAWA BARAT,3206,KABUPATEN TASIKMALAYA,NEONATAL,PEREMPUAN,85,JIWA,2015
227,32,JAWA BARAT,3207,KABUPATEN CIAMIS,ANAK BALITA,LAKI-LAKI,8,JIWA,2015
228,32,JAWA BARAT,3207,KABUPATEN CIAMIS,ANAK BALITA,PEREMPUAN,12,JIWA,2015
229,32,JAWA BARAT,3207,KABUPATEN CIAMIS,BAYI,LAKI-LAKI,84,JIWA,2015
230,32,JAWA BARAT,3207,KABUPATEN CIAMIS,BAYI,PEREMPUAN,74,JIWA,2015
231,32,JAWA BARAT,3207,KABUPATEN CIAMIS,NEONATAL,LAKI-LAKI,57,JIWA,2015
232,32,JAWA BARAT,3207,KABUPATEN CIAMIS,NEONATAL,PEREMPUAN,54,JIWA,2015
233,32,JAWA BARAT,3208,KABUPATEN KUNINGAN,ANAK BALITA,LAKI-LAKI,10,JIWA,2015
234,32,JAWA BARAT,3208,KABUPATEN KUNINGAN,ANAK BALITA,PEREMPUAN,8,JIWA,2015
235,32,JAWA BARAT,3208,KABUPATEN KUNINGAN,BAYI,LAKI-LAKI,79,JIWA,2015
236,32,JAWA BARAT,3208,KABUPATEN KUNINGAN,BAYI,PEREMPUAN,49,JIWA,2015
237,32,JAWA BARAT,3208,KABUPATEN KUNINGAN,NEONATAL,LAKI-LAKI,64,JIWA,2015
238,32,JAWA BARAT,3208,KABUPATEN KUNINGAN,NEONATAL,PEREMPUAN,38,JIWA,2015
239,32,JAWA BARAT,3210,KABUPATEN MAJALENGKA,ANAK BALITA,LAKI-LAKI,7,JIWA,2015
240,32,JAWA BARAT,3210,KABUPATEN MAJALENGKA,ANAK BALITA,PEREMPUAN,5,JIWA,2015
241,32,JAWA BARAT,3210,KABUPATEN MAJALENGKA,BAYI,LAKI-LAKI,90,JIWA,2015
242,32,JAWA BARAT,3210,KABUPATEN MAJALENGKA,BAYI,PEREMPUAN,74,JIWA,2015
243,32,JAWA BARAT,3210,KABUPATEN MAJALENGKA,NEONATAL,LAKI-LAKI,66,JIWA,2015
244,32,JAWA BARAT,3210,KABUPATEN MAJALENGKA,NEONATAL,PEREMPUAN,59,JIWA,2015
245,32,JAWA BARAT,3211,KABUPATEN SUMEDANG,ANAK BALITA,LAKI-LAKI,6,JIWA,2015
246,32,JAWA BARAT,3211,KABUPATEN SUMEDANG,ANAK BALITA,PEREMPUAN,6,JIWA,2015
247,32,JAWA BARAT,3211,KABUPATEN SUMEDANG,BAYI,LAKI-LAKI,107,JIWA,2015
248,32,JAWA BARAT,3211,KABUPATEN SUMEDANG,BAYI,PEREMPUAN,74,JIWA,2015
249,32,JAWA BARAT,3211,KABUPATEN SUMEDANG,NEONATAL,LAKI-LAKI,78,JIWA,2015
250,32,JAWA BARAT,3211,KABUPATEN SUMEDANG,NEONATAL,PEREMPUAN,57,JIWA,2015
251,32,JAWA BARAT,3212,KABUPATEN INDRAMAYU,ANAK BALITA,LAKI-LAKI,8,JIWA,2015
252,32,JAWA BARAT,3212,KABUPATEN INDRAMAYU,ANAK BALITA,PEREMPUAN,8,JIWA,2015
253,32,JAWA BARAT,3212,KABUPATEN INDRAMAYU,BAYI,LAKI-LAKI,152,JIWA,2015
254,32,JAWA BARAT,3212,KABUPATEN INDRAMAYU,BAYI,PEREMPUAN,104,JIWA,2015
255,32,JAWA BARAT,3212,KABUPATEN INDRAMAYU,NEONATAL,LAKI-LAKI,143,JIWA,2015
256,32,JAWA BARAT,3212,KABUPATEN INDRAMAYU,NEONATAL,PEREMPUAN,83,JIWA,2015
257,32,JAWA BARAT,3213,KABUPATEN SUBANG,ANAK BALITA,LAKI-LAKI,1,JIWA,2015
258,32,JAWA BARAT,3213,KABUPATEN SUBANG,ANAK BALITA,PEREMPUAN,1,JIWA,2015
259,32,JAWA BARAT,3213,KABUPATEN SUBANG,BAYI,LAKI-LAKI,73,JIWA,2015
260,32,JAWA BARAT,3213,KABUPATEN SUBANG,BAYI,PEREMPUAN,52,JIWA,2015
261,32,JAWA BARAT,3213,KABUPATEN SUBANG,NEONATAL,LAKI-LAKI,66,JIWA,2015
262,32,JAWA BARAT,3213,KABUPATEN SUBANG,NEONATAL,PEREMPUAN,47,JIWA,2015
263,32,JAWA BARAT,3214,KABUPATEN PURWAKARTA,ANAK BALITA,LAKI-LAKI,0,JIWA,2015
264,32,JAWA BARAT,3214,KABUPATEN PURWAKARTA,ANAK BALITA,PEREMPUAN,0,JIWA,2015
265,32,JAWA BARAT,3214,KABUPATEN PURWAKARTA,BAYI,LAKI-LAKI,65,JIWA,2015
266,32,JAWA BARAT,3214,KABUPATEN PURWAKARTA,BAYI,PEREMPUAN,65,JIWA,2015
267,32,JAWA BARAT,3214,KABUPATEN PURWAKARTA,NEONATAL,LAKI-LAKI,51,JIWA,2015
268,32,JAWA BARAT,3214,KABUPATEN PURWAKARTA,NEONATAL,PEREMPUAN,56,JIWA,2015
269,32,JAWA BARAT,3215,KABUPATEN KARAWANG,ANAK BALITA,LAKI-LAKI,5,JIWA,2015
270,32,JAWA BARAT,3215,KABUPATEN KARAWANG,ANAK BALITA,PEREMPUAN,5,JIWA,2015
271,32,JAWA BARAT,3215,KABUPATEN KARAWANG,BAYI,LAKI-LAKI,105,JIWA,2015
272,32,JAWA BARAT,3215,KABUPATEN KARAWANG,BAYI,PEREMPUAN,84,JIWA,2015
273,32,JAWA BARAT,3215,KABUPATEN KARAWANG,NEONATAL,LAKI-LAKI,91,JIWA,2015
274,32,JAWA BARAT,3215,KABUPATEN KARAWANG,NEONATAL,PEREMPUAN,69,JIWA,2015
275,32,JAWA BARAT,3216,KABUPATEN BEKASI,ANAK BALITA,LAKI-LAKI,0,JIWA,2015
276,32,JAWA BARAT,3216,KABUPATEN BEKASI,ANAK BALITA,PEREMPUAN,0,JIWA,2015
277,32,JAWA BARAT,3216,KABUPATEN BEKASI,BAYI,LAKI-LAKI,74,JIWA,2015
278,32,JAWA BARAT,3216,KABUPATEN BEKASI,BAYI,PEREMPUAN,49,JIWA,2015
279,32,JAWA BARAT,3216,KABUPATEN BEKASI,NEONATAL,LAKI-LAKI,71,JIWA,2015
280,32,JAWA BARAT,3216,KABUPATEN BEKASI,NEONATAL,PEREMPUAN,48,JIWA,2015
281,32,JAWA BARAT,3217,KABUPATEN BANDUNG BARAT,ANAK BALITA,LAKI-LAKI,0,JIWA,2015
282,32,JAWA BARAT,3217,KABUPATEN BANDUNG BARAT,ANAK BALITA,PEREMPUAN,1,JIWA,2015
283,32,JAWA BARAT,3217,KABUPATEN BANDUNG BARAT,BAYI,LAKI-LAKI,60,JIWA,2015
284,32,JAWA BARAT,3217,KABUPATEN BANDUNG BARAT,BAYI,PEREMPUAN,54,JIWA,2015
285,32,JAWA BARAT,3217,KABUPATEN BANDUNG BARAT,NEONATAL,LAKI-LAKI,59,JIWA,2015
286,32,JAWA BARAT,3217,KABUPATEN BANDUNG BARAT,NEONATAL,PEREMPUAN,53,JIWA,2015
287,32,JAWA BARAT,3218,KABUPATEN PANGANDARAN,ANAK BALITA,LAKI-LAKI,4,JIWA,2015
288,32,JAWA BARAT,3218,KABUPATEN PANGANDARAN,ANAK BALITA,PEREMPUAN,5,JIWA,2015
289,32,JAWA BARAT,3218,KABUPATEN PANGANDARAN,BAYI,LAKI-LAKI,33,JIWA,2015
290,32,JAWA BARAT,3218,KABUPATEN PANGANDARAN,BAYI,PEREMPUAN,27,JIWA,2015
291,32,JAWA BARAT,3218,KABUPATEN PANGANDARAN,NEONATAL,LAKI-LAKI,24,JIWA,2015
292,32,JAWA BARAT,3218,KABUPATEN PANGANDARAN,NEONATAL,PEREMPUAN,21,JIWA,2015
293,32,JAWA BARAT,3271,KOTA BOGOR,ANAK BALITA,LAKI-LAKI,5,JIWA,2015
294,32,JAWA BARAT,3271,KOTA BOGOR,ANAK BALITA,PEREMPUAN,2,JIWA,2015
295,32,JAWA BARAT,3271,KOTA BOGOR,BAYI,LAKI-LAKI,45,JIWA,2015
296,32,JAWA BARAT,3271,KOTA BOGOR,BAYI,PEREMPUAN,20,JIWA,2015
297,32,JAWA BARAT,3271,KOTA BOGOR,NEONATAL,LAKI-LAKI,36,JIWA,2015
298,32,JAWA BARAT,3271,KOTA BOGOR,NEONATAL,PEREMPUAN,15,JIWA,2015
299,32,JAWA BARAT,3272,KOTA SUKABUMI,ANAK BALITA,LAKI-LAKI,2,JIWA,2015
300,32,JAWA BARAT,3272,KOTA SUKABUMI,ANAK BALITA,PEREMPUAN,2,JIWA,2015
301,32,JAWA BARAT,3272,KOTA SUKABUMI,BAYI,LAKI-LAKI,25,JIWA,2015
302,32,JAWA BARAT,3272,KOTA SUKABUMI,BAYI,PEREMPUAN,25,JIWA,2015
303,32,JAWA BARAT,3272,KOTA SUKABUMI,NEONATAL,LAKI-LAKI,19,JIWA,2015
304,32,JAWA BARAT,3272,KOTA SUKABUMI,NEONATAL,PEREMPUAN,18,JIWA,2015
305,32,JAWA BARAT,3273,KOTA BANDUNG,ANAK BALITA,LAKI-LAKI,25,JIWA,2015
306,32,JAWA BARAT,3273,KOTA BANDUNG,ANAK BALITA,PEREMPUAN,10,JIWA,2015
307,32,JAWA BARAT,3273,KOTA BANDUNG,BAYI,LAKI-LAKI,84,JIWA,2015
308,32,JAWA BARAT,3273,KOTA BANDUNG,BAYI,PEREMPUAN,78,JIWA,2015
309,32,JAWA BARAT,3273,KOTA BANDUNG,NEONATAL,LAKI-LAKI,63,JIWA,2015
310,32,JAWA BARAT,3273,KOTA BANDUNG,NEONATAL,PEREMPUAN,56,JIWA,2015
311,32,JAWA BARAT,3274,KOTA CIREBON,ANAK BALITA,LAKI-LAKI,2,JIWA,2015
312,32,JAWA BARAT,3274,KOTA CIREBON,ANAK BALITA,PEREMPUAN,6,JIWA,2015
313,32,JAWA BARAT,3274,KOTA CIREBON,BAYI,LAKI-LAKI,10,JIWA,2015
314,32,JAWA BARAT,3274,KOTA CIREBON,BAYI,PEREMPUAN,9,JIWA,2015
315,32,JAWA BARAT,3274,KOTA CIREBON,NEONATAL,LAKI-LAKI,6,JIWA,2015
316,32,JAWA BARAT,3274,KOTA CIREBON,NEONATAL,PEREMPUAN,5,JIWA,2015
317,32,JAWA BARAT,3275,KOTA BEKASI,ANAK BALITA,LAKI-LAKI,3,JIWA,2015
318,32,JAWA BARAT,3275,KOTA BEKASI,ANAK BALITA,PEREMPUAN,2,JIWA,2015
319,32,JAWA BARAT,3275,KOTA BEKASI,BAYI,LAKI-LAKI,54,JIWA,2015
320,32,JAWA BARAT,3275,KOTA BEKASI,BAYI,PEREMPUAN,22,JIWA,2015
321,32,JAWA BARAT,3275,KOTA BEKASI,NEONATAL,LAKI-LAKI,50,JIWA,2015
322,32,JAWA BARAT,3275,KOTA BEKASI,NEONATAL,PEREMPUAN,18,JIWA,2015
323,32,JAWA BARAT,3276,KOTA DEPOK,ANAK BALITA,LAKI-LAKI,0,JIWA,2015
324,32,JAWA BARAT,3276,KOTA DEPOK,ANAK BALITA,PEREMPUAN,1,JIWA,2015
325,32,JAWA BARAT,3276,KOTA DEPOK,BAYI,LAKI-LAKI,41,JIWA,2015
326,32,JAWA BARAT,3276,KOTA DEPOK,BAYI,PEREMPUAN,21,JIWA,2015
327,32,JAWA BARAT,3276,KOTA DEPOK,NEONATAL,LAKI-LAKI,38,JIWA,2015
328,32,JAWA BARAT,3276,KOTA DEPOK,NEONATAL,PEREMPUAN,20,JIWA,2015
329,32,JAWA BARAT,3277,KOTA CIMAHI,ANAK BALITA,LAKI-LAKI,3,JIWA,2015
330,32,JAWA BARAT,3277,KOTA CIMAHI,ANAK BALITA,PEREMPUAN,1,JIWA,2015
331,32,JAWA BARAT,3277,KOTA CIMAHI,BAYI,LAKI-LAKI,53,JIWA,2015
332,32,JAWA BARAT,3277,KOTA CIMAHI,BAYI,PEREMPUAN,36,JIWA,2015
333,32,JAWA BARAT,3277,KOTA CIMAHI,NEONATAL,LAKI-LAKI,42,JIWA,2015
334,32,JAWA BARAT,3277,KOTA CIMAHI,NEONATAL,PEREMPUAN,26,JIWA,2015
335,32,JAWA BARAT,3278,KOTA TASIKMALAYA,ANAK BALITA,LAKI-LAKI,10,JIWA,2015
336,32,JAWA BARAT,3278,KOTA TASIKMALAYA,ANAK BALITA,PEREMPUAN,11,JIWA,2015
337,32,JAWA BARAT,3278,KOTA TASIKMALAYA,BAYI,LAKI-LAKI,64,JIWA,2015
338,32,JAWA BARAT,3278,KOTA TASIKMALAYA,BAYI,PEREMPUAN,54,JIWA,2015
339,32,JAWA BARAT,3278,KOTA TASIKMALAYA,NEONATAL,LAKI-LAKI,50,JIWA,2015
340,32,JAWA BARAT,3278,KOTA TASIKMALAYA,NEONATAL,PEREMPUAN,37,JIWA,2015
341,32,JAWA BARAT,3201,KABUPATEN BOGOR,ANAK BALITA,LAKI-LAKI,4,JIWA,2016
342,32,JAWA BARAT,3201,KABUPATEN BOGOR,ANAK BALITA,PEREMPUAN,5,JIWA,2016
343,32,JAWA BARAT,3201,KABUPATEN BOGOR,BAYI,LAKI-LAKI,86,JIWA,2016
344,32,JAWA BARAT,3201,KABUPATEN BOGOR,BAYI,PEREMPUAN,56,JIWA,2016
345,32,JAWA BARAT,3201,KABUPATEN BOGOR,NEONATAL,LAKI-LAKI,78,JIWA,2016
346,32,JAWA BARAT,3201,KABUPATEN BOGOR,NEONATAL,PEREMPUAN,48,JIWA,2016
347,32,JAWA BARAT,3202,KABUPATEN SUKABUMI,ANAK BALITA,LAKI-LAKI,18,JIWA,2016
348,32,JAWA BARAT,3202,KABUPATEN SUKABUMI,ANAK BALITA,PEREMPUAN,13,JIWA,2016
349,32,JAWA BARAT,3202,KABUPATEN SUKABUMI,BAYI,LAKI-LAKI,177,JIWA,2016
350,32,JAWA BARAT,3202,KABUPATEN SUKABUMI,BAYI,PEREMPUAN,141,JIWA,2016
351,32,JAWA BARAT,3202,KABUPATEN SUKABUMI,NEONATAL,LAKI-LAKI,123,JIWA,2016
352,32,JAWA BARAT,3202,KABUPATEN SUKABUMI,NEONATAL,PEREMPUAN,109,JIWA,2016
353,32,JAWA BARAT,3204,KABUPATEN BANDUNG,ANAK BALITA,LAKI-LAKI,4,JIWA,2016
354,32,JAWA BARAT,3204,KABUPATEN BANDUNG,ANAK BALITA,PEREMPUAN,1,JIWA,2016
355,32,JAWA BARAT,3204,KABUPATEN BANDUNG,BAYI,LAKI-LAKI,136,JIWA,2016
356,32,JAWA BARAT,3204,KABUPATEN BANDUNG,BAYI,PEREMPUAN,78,JIWA,2016
357,32,JAWA BARAT,3204,KABUPATEN BANDUNG,NEONATAL,LAKI-LAKI,123,JIWA,2016
358,32,JAWA BARAT,3204,KABUPATEN BANDUNG,NEONATAL,PEREMPUAN,70,JIWA,2016
359,32,JAWA BARAT,3205,KABUPATEN GARUT,ANAK BALITA,LAKI-LAKI,0,JIWA,2016
360,32,JAWA BARAT,3205,KABUPATEN GARUT,ANAK BALITA,PEREMPUAN,0,JIWA,2016
361,32,JAWA BARAT,3205,KABUPATEN GARUT,BAYI,LAKI-LAKI,161,JIWA,2016
362,32,JAWA BARAT,3205,KABUPATEN GARUT,BAYI,PEREMPUAN,172,JIWA,2016
363,32,JAWA BARAT,3205,KABUPATEN GARUT,NEONATAL,LAKI-LAKI,154,JIWA,2016
364,32,JAWA BARAT,3205,KABUPATEN GARUT,NEONATAL,PEREMPUAN,163,JIWA,2016
365,32,JAWA BARAT,3206,KABUPATEN TASIKMALAYA,ANAK BALITA,LAKI-LAKI,14,JIWA,2016
366,32,JAWA BARAT,3206,KABUPATEN TASIKMALAYA,ANAK BALITA,PEREMPUAN,10,JIWA,2016
367,32,JAWA BARAT,3206,KABUPATEN TASIKMALAYA,BAYI,LAKI-LAKI,158,JIWA,2016
368,32,JAWA BARAT,3206,KABUPATEN TASIKMALAYA,BAYI,PEREMPUAN,97,JIWA,2016
369,32,JAWA BARAT,3206,KABUPATEN TASIKMALAYA,NEONATAL,LAKI-LAKI,123,JIWA,2016
370,32,JAWA BARAT,3206,KABUPATEN TASIKMALAYA,NEONATAL,PEREMPUAN,74,JIWA,2016
371,32,JAWA BARAT,3207,KABUPATEN CIAMIS,ANAK BALITA,LAKI-LAKI,8,JIWA,2016
372,32,JAWA BARAT,3207,KABUPATEN CIAMIS,ANAK BALITA,PEREMPUAN,0,JIWA,2016
373,32,JAWA BARAT,3207,KABUPATEN CIAMIS,BAYI,LAKI-LAKI,68,JIWA,2016
374,32,JAWA BARAT,3207,KABUPATEN CIAMIS,BAYI,PEREMPUAN,68,JIWA,2016
375,32,JAWA BARAT,3207,KABUPATEN CIAMIS,NEONATAL,LAKI-LAKI,54,JIWA,2016
376,32,JAWA BARAT,3207,KABUPATEN CIAMIS,NEONATAL,PEREMPUAN,47,JIWA,2016
377,32,JAWA BARAT,3208,KABUPATEN KUNINGAN,ANAK BALITA,LAKI-LAKI,9,JIWA,2016
378,32,JAWA BARAT,3208,KABUPATEN KUNINGAN,ANAK BALITA,PEREMPUAN,7,JIWA,2016
379,32,JAWA BARAT,3208,KABUPATEN KUNINGAN,BAYI,LAKI-LAKI,67,JIWA,2016
380,32,JAWA BARAT,3208,KABUPATEN KUNINGAN,BAYI,PEREMPUAN,45,JIWA,2016
381,32,JAWA BARAT,3208,KABUPATEN KUNINGAN,NEONATAL,LAKI-LAKI,51,JIWA,2016
382,32,JAWA BARAT,3208,KABUPATEN KUNINGAN,NEONATAL,PEREMPUAN,38,JIWA,2016
383,32,JAWA BARAT,3210,KABUPATEN MAJALENGKA,ANAK BALITA,LAKI-LAKI,6,JIWA,2016
384,32,JAWA BARAT,3210,KABUPATEN MAJALENGKA,ANAK BALITA,PEREMPUAN,5,JIWA,2016
385,32,JAWA BARAT,3210,KABUPATEN MAJALENGKA,BAYI,LAKI-LAKI,70,JIWA,2016
386,32,JAWA BARAT,3210,KABUPATEN MAJALENGKA,BAYI,PEREMPUAN,66,JIWA,2016
387,32,JAWA BARAT,3210,KABUPATEN MAJALENGKA,NEONATAL,LAKI-LAKI,58,JIWA,2016
388,32,JAWA BARAT,3210,KABUPATEN MAJALENGKA,NEONATAL,PEREMPUAN,53,JIWA,2016
389,32,JAWA BARAT,3211,KABUPATEN SUMEDANG,ANAK BALITA,LAKI-LAKI,13,JIWA,2016
390,32,JAWA BARAT,3211,KABUPATEN SUMEDANG,ANAK BALITA,PEREMPUAN,12,JIWA,2016
391,32,JAWA BARAT,3211,KABUPATEN SUMEDANG,BAYI,LAKI-LAKI,24,JIWA,2016
392,32,JAWA BARAT,3211,KABUPATEN SUMEDANG,BAYI,PEREMPUAN,14,JIWA,2016
393,32,JAWA BARAT,3211,KABUPATEN SUMEDANG,NEONATAL,LAKI-LAKI,47,JIWA,2016
394,32,JAWA BARAT,3211,KABUPATEN SUMEDANG,NEONATAL,PEREMPUAN,35,JIWA,2016
395,32,JAWA BARAT,3212,KABUPATEN INDRAMAYU,ANAK BALITA,LAKI-LAKI,12,JIWA,2016
396,32,JAWA BARAT,3212,KABUPATEN INDRAMAYU,ANAK BALITA,PEREMPUAN,10,JIWA,2016
397,32,JAWA BARAT,3212,KABUPATEN INDRAMAYU,BAYI,LAKI-LAKI,184,JIWA,2016
398,32,JAWA BARAT,3212,KABUPATEN INDRAMAYU,BAYI,PEREMPUAN,130,JIWA,2016
399,32,JAWA BARAT,3212,KABUPATEN INDRAMAYU,NEONATAL,LAKI-LAKI,161,JIWA,2016
400,32,JAWA BARAT,3212,KABUPATEN INDRAMAYU,NEONATAL,PEREMPUAN,113,JIWA,2016
401,32,JAWA BARAT,3213,KABUPATEN SUBANG,ANAK BALITA,LAKI-LAKI,2,JIWA,2016
402,32,JAWA BARAT,3213,KABUPATEN SUBANG,ANAK BALITA,PEREMPUAN,2,JIWA,2016
403,32,JAWA BARAT,3213,KABUPATEN SUBANG,BAYI,LAKI-LAKI,67,JIWA,2016
404,32,JAWA BARAT,3213,KABUPATEN SUBANG,BAYI,PEREMPUAN,52,JIWA,2016
405,32,JAWA BARAT,3213,KABUPATEN SUBANG,NEONATAL,LAKI-LAKI,63,JIWA,2016
406,32,JAWA BARAT,3213,KABUPATEN SUBANG,NEONATAL,PEREMPUAN,47,JIWA,2016
407,32,JAWA BARAT,3214,KABUPATEN PURWAKARTA,ANAK BALITA,LAKI-LAKI,7,JIWA,2016
408,32,JAWA BARAT,3214,KABUPATEN PURWAKARTA,ANAK BALITA,PEREMPUAN,7,JIWA,2016
409,32,JAWA BARAT,3214,KABUPATEN PURWAKARTA,BAYI,LAKI-LAKI,67,JIWA,2016
410,32,JAWA BARAT,3214,KABUPATEN PURWAKARTA,BAYI,PEREMPUAN,48,JIWA,2016
411,32,JAWA BARAT,3214,KABUPATEN PURWAKARTA,NEONATAL,LAKI-LAKI,56,JIWA,2016
412,32,JAWA BARAT,3214,KABUPATEN PURWAKARTA,NEONATAL,PEREMPUAN,39,JIWA,2016
413,32,JAWA BARAT,3215,KABUPATEN KARAWANG,ANAK BALITA,LAKI-LAKI,7,JIWA,2016
414,32,JAWA BARAT,3215,KABUPATEN KARAWANG,ANAK BALITA,PEREMPUAN,1,JIWA,2016
415,32,JAWA BARAT,3215,KABUPATEN KARAWANG,BAYI,LAKI-LAKI,109,JIWA,2016
416,32,JAWA BARAT,3215,KABUPATEN KARAWANG,BAYI,PEREMPUAN,87,JIWA,2016
417,32,JAWA BARAT,3215,KABUPATEN KARAWANG,NEONATAL,LAKI-LAKI,91,JIWA,2016
418,32,JAWA BARAT,3215,KABUPATEN KARAWANG,NEONATAL,PEREMPUAN,78,JIWA,2016
419,32,JAWA BARAT,3216,KABUPATEN BEKASI,ANAK BALITA,LAKI-LAKI,1,JIWA,2016
420,32,JAWA BARAT,3216,KABUPATEN BEKASI,ANAK BALITA,PEREMPUAN,2,JIWA,2016
421,32,JAWA BARAT,3216,KABUPATEN BEKASI,BAYI,LAKI-LAKI,46,JIWA,2016
422,32,JAWA BARAT,3216,KABUPATEN BEKASI,BAYI,PEREMPUAN,46,JIWA,2016
423,32,JAWA BARAT,3216,KABUPATEN BEKASI,NEONATAL,LAKI-LAKI,44,JIWA,2016
424,32,JAWA BARAT,3216,KABUPATEN BEKASI,NEONATAL,PEREMPUAN,39,JIWA,2016
425,32,JAWA BARAT,3217,KABUPATEN BANDUNG BARAT,ANAK BALITA,LAKI-LAKI,2,JIWA,2016
426,32,JAWA BARAT,3217,KABUPATEN BANDUNG BARAT,ANAK BALITA,PEREMPUAN,2,JIWA,2016
427,32,JAWA BARAT,3217,KABUPATEN BANDUNG BARAT,BAYI,LAKI-LAKI,66,JIWA,2016
428,32,JAWA BARAT,3217,KABUPATEN BANDUNG BARAT,BAYI,PEREMPUAN,48,JIWA,2016
429,32,JAWA BARAT,3217,KABUPATEN BANDUNG BARAT,NEONATAL,LAKI-LAKI,63,JIWA,2016
430,32,JAWA BARAT,3217,KABUPATEN BANDUNG BARAT,NEONATAL,PEREMPUAN,44,JIWA,2016
431,32,JAWA BARAT,3218,KABUPATEN PANGANDARAN,ANAK BALITA,LAKI-LAKI,6,JIWA,2016
432,32,JAWA BARAT,3218,KABUPATEN PANGANDARAN,ANAK BALITA,PEREMPUAN,4,JIWA,2016
433,32,JAWA BARAT,3218,KABUPATEN PANGANDARAN,BAYI,LAKI-LAKI,30,JIWA,2016
434,32,JAWA BARAT,3218,KABUPATEN PANGANDARAN,BAYI,PEREMPUAN,24,JIWA,2016
435,32,JAWA BARAT,3218,KABUPATEN PANGANDARAN,NEONATAL,LAKI-LAKI,19,JIWA,2016
436,32,JAWA BARAT,3218,KABUPATEN PANGANDARAN,NEONATAL,PEREMPUAN,17,JIWA,2016
437,32,JAWA BARAT,3271,KOTA BOGOR,ANAK BALITA,LAKI-LAKI,0,JIWA,2016
438,32,JAWA BARAT,3271,KOTA BOGOR,ANAK BALITA,PEREMPUAN,0,JIWA,2016
439,32,JAWA BARAT,3271,KOTA BOGOR,BAYI,LAKI-LAKI,37,JIWA,2016
440,32,JAWA BARAT,3271,KOTA BOGOR,BAYI,PEREMPUAN,17,JIWA,2016
441,32,JAWA BARAT,3271,KOTA BOGOR,NEONATAL,LAKI-LAKI,30,JIWA,2016
442,32,JAWA BARAT,3271,KOTA BOGOR,NEONATAL,PEREMPUAN,13,JIWA,2016
443,32,JAWA BARAT,3272,KOTA SUKABUMI,ANAK BALITA,LAKI-LAKI,2,JIWA,2016
444,32,JAWA BARAT,3272,KOTA SUKABUMI,ANAK BALITA,PEREMPUAN,2,JIWA,2016
445,32,JAWA BARAT,3272,KOTA SUKABUMI,BAYI,LAKI-LAKI,25,JIWA,2016
446,32,JAWA BARAT,3272,KOTA SUKABUMI,BAYI,PEREMPUAN,22,JIWA,2016
447,32,JAWA BARAT,3272,KOTA SUKABUMI,NEONATAL,LAKI-LAKI,17,JIWA,2016
448,32,JAWA BARAT,3272,KOTA SUKABUMI,NEONATAL,PEREMPUAN,12,JIWA,2016
449,32,JAWA BARAT,3273,KOTA BANDUNG,ANAK BALITA,LAKI-LAKI,0,JIWA,2016
450,32,JAWA BARAT,3273,KOTA BANDUNG,ANAK BALITA,PEREMPUAN,0,JIWA,2016
451,32,JAWA BARAT,3273,KOTA BANDUNG,BAYI,LAKI-LAKI,0,JIWA,2016
452,32,JAWA BARAT,3273,KOTA BANDUNG,BAYI,PEREMPUAN,0,JIWA,2016
453,32,JAWA BARAT,3273,KOTA BANDUNG,NEONATAL,LAKI-LAKI,0,JIWA,2016
454,32,JAWA BARAT,3273,KOTA BANDUNG,NEONATAL,PEREMPUAN,0,JIWA,2016
455,32,JAWA BARAT,3274,KOTA CIREBON,ANAK BALITA,LAKI-LAKI,4,JIWA,2016
456,32,JAWA BARAT,3274,KOTA CIREBON,ANAK BALITA,PEREMPUAN,1,JIWA,2016
457,32,JAWA BARAT,3274,KOTA CIREBON,BAYI,LAKI-LAKI,9,JIWA,2016
458,32,JAWA BARAT,3274,KOTA CIREBON,BAYI,PEREMPUAN,10,JIWA,2016
459,32,JAWA BARAT,3274,KOTA CIREBON,NEONATAL,LAKI-LAKI,8,JIWA,2016
460,32,JAWA BARAT,3274,KOTA CIREBON,NEONATAL,PEREMPUAN,10,JIWA,2016
461,32,JAWA BARAT,3275,KOTA BEKASI,ANAK BALITA,LAKI-LAKI,1,JIWA,2016
462,32,JAWA BARAT,3275,KOTA BEKASI,ANAK BALITA,PEREMPUAN,1,JIWA,2016
463,32,JAWA BARAT,3275,KOTA BEKASI,BAYI,LAKI-LAKI,34,JIWA,2016
464,32,JAWA BARAT,3275,KOTA BEKASI,BAYI,PEREMPUAN,14,JIWA,2016
465,32,JAWA BARAT,3275,KOTA BEKASI,NEONATAL,LAKI-LAKI,23,JIWA,2016
466,32,JAWA BARAT,3275,KOTA BEKASI,NEONATAL,PEREMPUAN,13,JIWA,2016
467,32,JAWA BARAT,3276,KOTA DEPOK,ANAK BALITA,LAKI-LAKI,4,JIWA,2016
468,32,JAWA BARAT,3276,KOTA DEPOK,ANAK BALITA,PEREMPUAN,2,JIWA,2016
469,32,JAWA BARAT,3276,KOTA DEPOK,BAYI,LAKI-LAKI,55,JIWA,2016
470,32,JAWA BARAT,3276,KOTA DEPOK,BAYI,PEREMPUAN,37,JIWA,2016
471,32,JAWA BARAT,3276,KOTA DEPOK,NEONATAL,LAKI-LAKI,39,JIWA,2016
472,32,JAWA BARAT,3276,KOTA DEPOK,NEONATAL,PEREMPUAN,29,JIWA,2016
473,32,JAWA BARAT,3277,KOTA CIMAHI,ANAK BALITA,LAKI-LAKI,1,JIWA,2016
474,32,JAWA BARAT,3277,KOTA CIMAHI,ANAK BALITA,PEREMPUAN,3,JIWA,2016
475,32,JAWA BARAT,3277,KOTA CIMAHI,BAYI,LAKI-LAKI,39,JIWA,2016
476,32,JAWA BARAT,3277,KOTA CIMAHI,BAYI,PEREMPUAN,27,JIWA,2016
477,32,JAWA BARAT,3277,KOTA CIMAHI,NEONATAL,LAKI-LAKI,30,JIWA,2016
478,32,JAWA BARAT,3277,KOTA CIMAHI,NEONATAL,PEREMPUAN,20,JIWA,2016
479,32,JAWA BARAT,3278,KOTA TASIKMALAYA,ANAK BALITA,LAKI-LAKI,8,JIWA,2016
480,32,JAWA BARAT,3278,KOTA TASIKMALAYA,ANAK BALITA,PEREMPUAN,10,JIWA,2016
481,32,JAWA BARAT,3278,KOTA TASIKMALAYA,BAYI,LAKI-LAKI,23,JIWA,2016
482,32,JAWA BARAT,3278,KOTA TASIKMALAYA,BAYI,PEREMPUAN,17,JIWA,2016
483,32,JAWA BARAT,3278,KOTA TASIKMALAYA,NEONATAL,LAKI-LAKI,40,JIWA,2016
484,32,JAWA BARAT,3278,KOTA TASIKMALAYA,NEONATAL,PEREMPUAN,29,JIWA,2016
485,32,JAWA BARAT,3279,KOTA BANJAR,ANAK BALITA,LAKI-LAKI,9,JIWA,2016
486,32,JAWA BARAT,3279,KOTA BANJAR,ANAK BALITA,PEREMPUAN,8,JIWA,2016
487,32,JAWA BARAT,3279,KOTA BANJAR,BAYI,LAKI-LAKI,26,JIWA,2016
488,32,JAWA BARAT,3279,KOTA BANJAR,BAYI,PEREMPUAN,20,JIWA,2016
489,32,JAWA BARAT,3279,KOTA BANJAR,NEONATAL,LAKI-LAKI,17,JIWA,2016
490,32,JAWA BARAT,3279,KOTA BANJAR,NEONATAL,PEREMPUAN,17,JIWA,2016
491,32,JAWA BARAT,3201,KABUPATEN BOGOR,ANAK BALITA,LAKI-LAKI,3,JIWA,2017
492,32,JAWA BARAT,3201,KABUPATEN BOGOR,ANAK BALITA,PEREMPUAN,5,JIWA,2017
493,32,JAWA BARAT,3201,KABUPATEN BOGOR,BAYI,LAKI-LAKI,43,JIWA,2017
494,32,JAWA BARAT,3201,KABUPATEN BOGOR,BAYI,PEREMPUAN,62,JIWA,2017
495,32,JAWA BARAT,3201,KABUPATEN BOGOR,NEONATAL,LAKI-LAKI,39,JIWA,2017
496,32,JAWA BARAT,3201,KABUPATEN BOGOR,NEONATAL,PEREMPUAN,58,JIWA,2017
497,32,JAWA BARAT,3202,KABUPATEN SUKABUMI,ANAK BALITA,LAKI-LAKI,15,JIWA,2017
498,32,JAWA BARAT,3202,KABUPATEN SUKABUMI,ANAK BALITA,PEREMPUAN,12,JIWA,2017
499,32,JAWA BARAT,3202,KABUPATEN SUKABUMI,BAYI,LAKI-LAKI,123,JIWA,2017
500,32,JAWA BARAT,3202,KABUPATEN SUKABUMI,BAYI,PEREMPUAN,135,JIWA,2017
501,32,JAWA BARAT,3202,KABUPATEN SUKABUMI,NEONATAL,LAKI-LAKI,98,JIWA,2017
502,32,JAWA BARAT,3202,KABUPATEN SUKABUMI,NEONATAL,PEREMPUAN,103,JIWA,2017
503,32,JAWA BARAT,3203,KABUPATEN CIANJUR,ANAK BALITA,LAKI-LAKI,0,JIWA,2017
504,32,JAWA BARAT,3203,KABUPATEN CIANJUR,ANAK BALITA,PEREMPUAN,2,JIWA,2017
505,32,JAWA BARAT,3203,KABUPATEN CIANJUR,BAYI,LAKI-LAKI,83,JIWA,2017
506,32,JAWA BARAT,3203,KABUPATEN CIANJUR,BAYI,PEREMPUAN,77,JIWA,2017
507,32,JAWA BARAT,3203,KABUPATEN CIANJUR,NEONATAL,LAKI-LAKI,78,JIWA,2017
508,32,JAWA BARAT,3203,KABUPATEN CIANJUR,NEONATAL,PEREMPUAN,73,JIWA,2017
509,32,JAWA BARAT,3204,KABUPATEN BANDUNG,ANAK BALITA,LAKI-LAKI,6,JIWA,2017
510,32,JAWA BARAT,3204,KABUPATEN BANDUNG,ANAK BALITA,PEREMPUAN,0,JIWA,2017
511,32,JAWA BARAT,3204,KABUPATEN BANDUNG,BAYI,LAKI-LAKI,107,JIWA,2017
512,32,JAWA BARAT,3204,KABUPATEN BANDUNG,BAYI,PEREMPUAN,92,JIWA,2017
513,32,JAWA BARAT,3204,KABUPATEN BANDUNG,NEONATAL,LAKI-LAKI,104,JIWA,2017
514,32,JAWA BARAT,3204,KABUPATEN BANDUNG,NEONATAL,PEREMPUAN,86,JIWA,2017
515,32,JAWA BARAT,3205,KABUPATEN GARUT,ANAK BALITA,LAKI-LAKI,6,JIWA,2017
516,32,JAWA BARAT,3205,KABUPATEN GARUT,ANAK BALITA,PEREMPUAN,5,JIWA,2017
517,32,JAWA BARAT,3205,KABUPATEN GARUT,BAYI,LAKI-LAKI,144,JIWA,2017
518,32,JAWA BARAT,3205,KABUPATEN GARUT,BAYI,PEREMPUAN,142,JIWA,2017
519,32,JAWA BARAT,3205,KABUPATEN GARUT,NEONATAL,LAKI-LAKI,132,JIWA,2017
520,32,JAWA BARAT,3205,KABUPATEN GARUT,NEONATAL,PEREMPUAN,130,JIWA,2017
521,32,JAWA BARAT,3206,KABUPATEN TASIKMALAYA,ANAK BALITA,LAKI-LAKI,13,JIWA,2017
522,32,JAWA BARAT,3206,KABUPATEN TASIKMALAYA,ANAK BALITA,PEREMPUAN,11,JIWA,2017
523,32,JAWA BARAT,3206,KABUPATEN TASIKMALAYA,BAYI,LAKI-LAKI,43,JIWA,2017
524,32,JAWA BARAT,3206,KABUPATEN TASIKMALAYA,BAYI,PEREMPUAN,22,JIWA,2017
525,32,JAWA BARAT,3206,KABUPATEN TASIKMALAYA,NEONATAL,LAKI-LAKI,112,JIWA,2017
526,32,JAWA BARAT,3206,KABUPATEN TASIKMALAYA,NEONATAL,PEREMPUAN,80,JIWA,2017
527,32,JAWA BARAT,3207,KABUPATEN CIAMIS,ANAK BALITA,LAKI-LAKI,4,JIWA,2017
528,32,JAWA BARAT,3207,KABUPATEN CIAMIS,ANAK BALITA,PEREMPUAN,10,JIWA,2017
529,32,JAWA BARAT,3207,KABUPATEN CIAMIS,BAYI,LAKI-LAKI,80,JIWA,2017
530,32,JAWA BARAT,3207,KABUPATEN CIAMIS,BAYI,PEREMPUAN,46,JIWA,2017
531,32,JAWA BARAT,3207,KABUPATEN CIAMIS,NEONATAL,LAKI-LAKI,68,JIWA,2017
532,32,JAWA BARAT,3207,KABUPATEN CIAMIS,NEONATAL,PEREMPUAN,30,JIWA,2017
533,32,JAWA BARAT,3208,KABUPATEN KUNINGAN,ANAK BALITA,LAKI-LAKI,6,JIWA,2017
534,32,JAWA BARAT,3208,KABUPATEN KUNINGAN,ANAK BALITA,PEREMPUAN,6,JIWA,2017
535,32,JAWA BARAT,3208,KABUPATEN KUNINGAN,BAYI,LAKI-LAKI,53,JIWA,2017
536,32,JAWA BARAT,3208,KABUPATEN KUNINGAN,BAYI,PEREMPUAN,37,JIWA,2017
537,32,JAWA BARAT,3208,KABUPATEN KUNINGAN,NEONATAL,LAKI-LAKI,43,JIWA,2017
538,32,JAWA BARAT,3208,KABUPATEN KUNINGAN,NEONATAL,PEREMPUAN,26,JIWA,2017
539,32,JAWA BARAT,3209,KABUPATEN CIREBON,ANAK BALITA,LAKI-LAKI,8,JIWA,2017
540,32,JAWA BARAT,3209,KABUPATEN CIREBON,ANAK BALITA,PEREMPUAN,18,JIWA,2017
541,32,JAWA BARAT,3209,KABUPATEN CIREBON,BAYI,LAKI-LAKI,107,JIWA,2017
542,32,JAWA BARAT,3209,KABUPATEN CIREBON,BAYI,PEREMPUAN,78,JIWA,2017
543,32,JAWA BARAT,3209,KABUPATEN CIREBON,NEONATAL,LAKI-LAKI,91,JIWA,2017
544,32,JAWA BARAT,3209,KABUPATEN CIREBON,NEONATAL,PEREMPUAN,66,JIWA,2017
545,32,JAWA BARAT,3210,KABUPATEN MAJALENGKA,ANAK BALITA,LAKI-LAKI,1,JIWA,2017
546,32,JAWA BARAT,3210,KABUPATEN MAJALENGKA,ANAK BALITA,PEREMPUAN,1,JIWA,2017
547,32,JAWA BARAT,3210,KABUPATEN MAJALENGKA,BAYI,LAKI-LAKI,48,JIWA,2017
548,32,JAWA BARAT,3210,KABUPATEN MAJALENGKA,BAYI,PEREMPUAN,39,JIWA,2017
549,32,JAWA BARAT,3210,KABUPATEN MAJALENGKA,NEONATAL,LAKI-LAKI,39,JIWA,2017
550,32,JAWA BARAT,3210,KABUPATEN MAJALENGKA,NEONATAL,PEREMPUAN,32,JIWA,2017
551,32,JAWA BARAT,3211,KABUPATEN SUMEDANG,ANAK BALITA,LAKI-LAKI,0,JIWA,2017
552,32,JAWA BARAT,3211,KABUPATEN SUMEDANG,ANAK BALITA,PEREMPUAN,9,JIWA,2017
553,32,JAWA BARAT,3211,KABUPATEN SUMEDANG,BAYI,LAKI-LAKI,76,JIWA,2017
554,32,JAWA BARAT,3211,KABUPATEN SUMEDANG,BAYI,PEREMPUAN,70,JIWA,2017
555,32,JAWA BARAT,3211,KABUPATEN SUMEDANG,NEONATAL,LAKI-LAKI,53,JIWA,2017
556,32,JAWA BARAT,3211,KABUPATEN SUMEDANG,NEONATAL,PEREMPUAN,51,JIWA,2017
557,32,JAWA BARAT,3212,KABUPATEN INDRAMAYU,ANAK BALITA,LAKI-LAKI,4,JIWA,2017
558,32,JAWA BARAT,3212,KABUPATEN INDRAMAYU,ANAK BALITA,PEREMPUAN,1,JIWA,2017
559,32,JAWA BARAT,3212,KABUPATEN INDRAMAYU,BAYI,LAKI-LAKI,159,JIWA,2017
560,32,JAWA BARAT,3212,KABUPATEN INDRAMAYU,BAYI,PEREMPUAN,94,JIWA,2017
561,32,JAWA BARAT,3212,KABUPATEN INDRAMAYU,NEONATAL,LAKI-LAKI,147,JIWA,2017
562,32,JAWA BARAT,3212,KABUPATEN INDRAMAYU,NEONATAL,PEREMPUAN,86,JIWA,2017
563,32,JAWA BARAT,3213,KABUPATEN SUBANG,ANAK BALITA,LAKI-LAKI,2,JIWA,2017
564,32,JAWA BARAT,3213,KABUPATEN SUBANG,ANAK BALITA,PEREMPUAN,2,JIWA,2017
565,32,JAWA BARAT,3213,KABUPATEN SUBANG,BAYI,LAKI-LAKI,70,JIWA,2017
566,32,JAWA BARAT,3213,KABUPATEN SUBANG,BAYI,PEREMPUAN,56,JIWA,2017
567,32,JAWA BARAT,3213,KABUPATEN SUBANG,NEONATAL,LAKI-LAKI,63,JIWA,2017
568,32,JAWA BARAT,3213,KABUPATEN SUBANG,NEONATAL,PEREMPUAN,51,JIWA,2017
569,32,JAWA BARAT,3214,KABUPATEN PURWAKARTA,ANAK BALITA,LAKI-LAKI,2,JIWA,2017
570,32,JAWA BARAT,3214,KABUPATEN PURWAKARTA,ANAK BALITA,PEREMPUAN,3,JIWA,2017
571,32,JAWA BARAT,3214,KABUPATEN PURWAKARTA,BAYI,LAKI-LAKI,46,JIWA,2017
572,32,JAWA BARAT,3214,KABUPATEN PURWAKARTA,BAYI,PEREMPUAN,53,JIWA,2017
573,32,JAWA BARAT,3214,KABUPATEN PURWAKARTA,NEONATAL,LAKI-LAKI,41,JIWA,2017
574,32,JAWA BARAT,3214,KABUPATEN PURWAKARTA,NEONATAL,PEREMPUAN,44,JIWA,2017
575,32,JAWA BARAT,3215,KABUPATEN KARAWANG,ANAK BALITA,LAKI-LAKI,2,JIWA,2017
576,32,JAWA BARAT,3215,KABUPATEN KARAWANG,ANAK BALITA,PEREMPUAN,6,JIWA,2017
577,32,JAWA BARAT,3215,KABUPATEN KARAWANG,BAYI,LAKI-LAKI,110,JIWA,2017
578,32,JAWA BARAT,3215,KABUPATEN KARAWANG,BAYI,PEREMPUAN,63,JIWA,2017
579,32,JAWA BARAT,3215,KABUPATEN KARAWANG,NEONATAL,LAKI-LAKI,97,JIWA,2017
580,32,JAWA BARAT,3215,KABUPATEN KARAWANG,NEONATAL,PEREMPUAN,56,JIWA,2017
581,32,JAWA BARAT,3216,KABUPATEN BEKASI,ANAK BALITA,LAKI-LAKI,0,JIWA,2017
582,32,JAWA BARAT,3216,KABUPATEN BEKASI,ANAK BALITA,PEREMPUAN,1,JIWA,2017
583,32,JAWA BARAT,3216,KABUPATEN BEKASI,BAYI,LAKI-LAKI,26,JIWA,2017
584,32,JAWA BARAT,3216,KABUPATEN BEKASI,BAYI,PEREMPUAN,23,JIWA,2017
585,32,JAWA BARAT,3216,KABUPATEN BEKASI,NEONATAL,LAKI-LAKI,23,JIWA,2017
586,32,JAWA BARAT,3216,KABUPATEN BEKASI,NEONATAL,PEREMPUAN,21,JIWA,2017
587,32,JAWA BARAT,3217,KABUPATEN BANDUNG BARAT,ANAK BALITA,LAKI-LAKI,0,JIWA,2017
588,32,JAWA BARAT,3217,KABUPATEN BANDUNG BARAT,ANAK BALITA,PEREMPUAN,1,JIWA,2017
589,32,JAWA BARAT,3217,KABUPATEN BANDUNG BARAT,BAYI,LAKI-LAKI,70,JIWA,2017
590,32,JAWA BARAT,3217,KABUPATEN BANDUNG BARAT,BAYI,PEREMPUAN,53,JIWA,2017
591,32,JAWA BARAT,3217,KABUPATEN BANDUNG BARAT,NEONATAL,LAKI-LAKI,68,JIWA,2017
592,32,JAWA BARAT,3217,KABUPATEN BANDUNG BARAT,NEONATAL,PEREMPUAN,53,JIWA,2017
593,32,JAWA BARAT,3218,KABUPATEN PANGANDARAN,ANAK BALITA,LAKI-LAKI,3,JIWA,2017
594,32,JAWA BARAT,3218,KABUPATEN PANGANDARAN,ANAK BALITA,PEREMPUAN,2,JIWA,2017
595,32,JAWA BARAT,3218,KABUPATEN PANGANDARAN,BAYI,LAKI-LAKI,26,JIWA,2017
596,32,JAWA BARAT,3218,KABUPATEN PANGANDARAN,BAYI,PEREMPUAN,23,JIWA,2017
597,32,JAWA BARAT,3218,KABUPATEN PANGANDARAN,NEONATAL,LAKI-LAKI,21,JIWA,2017
598,32,JAWA BARAT,3218,KABUPATEN PANGANDARAN,NEONATAL,PEREMPUAN,16,JIWA,2017
599,32,JAWA BARAT,3271,KOTA BOGOR,ANAK BALITA,LAKI-LAKI,7,JIWA,2017
600,32,JAWA BARAT,3271,KOTA BOGOR,ANAK BALITA,PEREMPUAN,11,JIWA,2017
601,32,JAWA BARAT,3271,KOTA BOGOR,BAYI,LAKI-LAKI,45,JIWA,2017
602,32,JAWA BARAT,3271,KOTA BOGOR,BAYI,PEREMPUAN,29,JIWA,2017
603,32,JAWA BARAT,3271,KOTA BOGOR,NEONATAL,LAKI-LAKI,38,JIWA,2017
604,32,JAWA BARAT,3271,KOTA BOGOR,NEONATAL,PEREMPUAN,26,JIWA,2017
605,32,JAWA BARAT,3272,KOTA SUKABUMI,ANAK BALITA,LAKI-LAKI,3,JIWA,2017
606,32,JAWA BARAT,3272,KOTA SUKABUMI,ANAK BALITA,PEREMPUAN,3,JIWA,2017
607,32,JAWA BARAT,3272,KOTA SUKABUMI,BAYI,LAKI-LAKI,24,JIWA,2017
608,32,JAWA BARAT,3272,KOTA SUKABUMI,BAYI,PEREMPUAN,17,JIWA,2017
609,32,JAWA BARAT,3272,KOTA SUKABUMI,NEONATAL,LAKI-LAKI,19,JIWA,2017
610,32,JAWA BARAT,3272,KOTA SUKABUMI,NEONATAL,PEREMPUAN,8,JIWA,2017
611,32,JAWA BARAT,3274,KOTA CIREBON,ANAK BALITA,LAKI-LAKI,1,JIWA,2017
612,32,JAWA BARAT,3274,KOTA CIREBON,ANAK BALITA,PEREMPUAN,5,JIWA,2017
613,32,JAWA BARAT,3274,KOTA CIREBON,BAYI,LAKI-LAKI,9,JIWA,2017
614,32,JAWA BARAT,3274,KOTA CIREBON,BAYI,PEREMPUAN,8,JIWA,2017
615,32,JAWA BARAT,3274,KOTA CIREBON,NEONATAL,LAKI-LAKI,8,JIWA,2017
616,32,JAWA BARAT,3274,KOTA CIREBON,NEONATAL,PEREMPUAN,6,JIWA,2017
617,32,JAWA BARAT,3275,KOTA BEKASI,ANAK BALITA,LAKI-LAKI,1,JIWA,2017
618,32,JAWA BARAT,3275,KOTA BEKASI,ANAK BALITA,PEREMPUAN,0,JIWA,2017
619,32,JAWA BARAT,3275,KOTA BEKASI,BAYI,LAKI-LAKI,25,JIWA,2017
620,32,JAWA BARAT,3275,KOTA BEKASI,BAYI,PEREMPUAN,27,JIWA,2017
621,32,JAWA BARAT,3275,KOTA BEKASI,NEONATAL,LAKI-LAKI,24,JIWA,2017
622,32,JAWA BARAT,3275,KOTA BEKASI,NEONATAL,PEREMPUAN,27,JIWA,2017
623,32,JAWA BARAT,3276,KOTA DEPOK,ANAK BALITA,LAKI-LAKI,5,JIWA,2017
624,32,JAWA BARAT,3276,KOTA DEPOK,ANAK BALITA,PEREMPUAN,3,JIWA,2017
625,32,JAWA BARAT,3276,KOTA DEPOK,BAYI,LAKI-LAKI,44,JIWA,2017
626,32,JAWA BARAT,3276,KOTA DEPOK,BAYI,PEREMPUAN,28,JIWA,2017
627,32,JAWA BARAT,3276,KOTA DEPOK,NEONATAL,LAKI-LAKI,35,JIWA,2017
628,32,JAWA BARAT,3276,KOTA DEPOK,NEONATAL,PEREMPUAN,25,JIWA,2017
629,32,JAWA BARAT,3277,KOTA CIMAHI,ANAK BALITA,LAKI-LAKI,0,JIWA,2017
630,32,JAWA BARAT,3277,KOTA CIMAHI,ANAK BALITA,PEREMPUAN,2,JIWA,2017
631,32,JAWA BARAT,3277,KOTA CIMAHI,BAYI,LAKI-LAKI,49,JIWA,2017
632,32,JAWA BARAT,3277,KOTA CIMAHI,BAYI,PEREMPUAN,16,JIWA,2017
633,32,JAWA BARAT,3277,KOTA CIMAHI,NEONATAL,LAKI-LAKI,43,JIWA,2017
634,32,JAWA BARAT,3277,KOTA CIMAHI,NEONATAL,PEREMPUAN,15,JIWA,2017
635,32,JAWA BARAT,3278,KOTA TASIKMALAYA,ANAK BALITA,LAKI-LAKI,5,JIWA,2017
636,32,JAWA BARAT,3278,KOTA TASIKMALAYA,ANAK BALITA,PEREMPUAN,10,JIWA,2017
637,32,JAWA BARAT,3278,KOTA TASIKMALAYA,BAYI,LAKI-LAKI,45,JIWA,2017
638,32,JAWA BARAT,3278,KOTA TASIKMALAYA,BAYI,PEREMPUAN,28,JIWA,2017
639,32,JAWA BARAT,3278,KOTA TASIKMALAYA,NEONATAL,LAKI-LAKI,29,JIWA,2017
640,32,JAWA BARAT,3278,KOTA TASIKMALAYA,NEONATAL,PEREMPUAN,17,JIWA,2017
641,32,JAWA BARAT,3279,KOTA BANJAR,ANAK BALITA,LAKI-LAKI,3,JIWA,2017
642,32,JAWA BARAT,3279,KOTA BANJAR,ANAK BALITA,PEREMPUAN,11,JIWA,2017
643,32,JAWA BARAT,3279,KOTA BANJAR,BAYI,LAKI-LAKI,23,JIWA,2017
644,32,JAWA BARAT,3279,KOTA BANJAR,BAYI,PEREMPUAN,18,JIWA,2017
645,32,JAWA BARAT,3279,KOTA BANJAR,NEONATAL,LAKI-LAKI,13,JIWA,2017
646,32,JAWA BARAT,3279,KOTA BANJAR,NEONATAL,PEREMPUAN,13,JIWA,2017
647,32,JAWA BARAT,3201,KABUPATEN BOGOR,ANAK BALITA,LAKI-LAKI,0,JIWA,2018
648,32,JAWA BARAT,3201,KABUPATEN BOGOR,ANAK BALITA,PEREMPUAN,1,JIWA,2018
649,32,JAWA BARAT,3201,KABUPATEN BOGOR,BAYI,LAKI-LAKI,59,JIWA,2018
650,32,JAWA BARAT,3201,KABUPATEN BOGOR,BAYI,PEREMPUAN,50,JIWA,2018
651,32,JAWA BARAT,3201,KABUPATEN BOGOR,NEONATAL,LAKI-LAKI,51,JIWA,2018
652,32,JAWA BARAT,3201,KABUPATEN BOGOR,NEONATAL,PEREMPUAN,43,JIWA,2018
653,32,JAWA BARAT,3202,KABUPATEN SUKABUMI,ANAK BALITA,LAKI-LAKI,0,JIWA,2018
654,32,JAWA BARAT,3202,KABUPATEN SUKABUMI,ANAK BALITA,PEREMPUAN,0,JIWA,2018
655,32,JAWA BARAT,3202,KABUPATEN SUKABUMI,BAYI,LAKI-LAKI,0,JIWA,2018
656,32,JAWA BARAT,3202,KABUPATEN SUKABUMI,BAYI,PEREMPUAN,0,JIWA,2018
657,32,JAWA BARAT,3202,KABUPATEN SUKABUMI,NEONATAL,LAKI-LAKI,0,JIWA,2018
658,32,JAWA BARAT,3202,KABUPATEN SUKABUMI,NEONATAL,PEREMPUAN,0,JIWA,2018
659,32,JAWA BARAT,3203,KABUPATEN CIANJUR,ANAK BALITA,LAKI-LAKI,3,JIWA,2018
660,32,JAWA BARAT,3203,KABUPATEN CIANJUR,ANAK BALITA,PEREMPUAN,0,JIWA,2018
661,32,JAWA BARAT,3203,KABUPATEN CIANJUR,BAYI,LAKI-LAKI,37,JIWA,2018
662,32,JAWA BARAT,3203,KABUPATEN CIANJUR,BAYI,PEREMPUAN,42,JIWA,2018
663,32,JAWA BARAT,3203,KABUPATEN CIANJUR,NEONATAL,LAKI-LAKI,32,JIWA,2018
664,32,JAWA BARAT,3203,KABUPATEN CIANJUR,NEONATAL,PEREMPUAN,38,JIWA,2018
665,32,JAWA BARAT,3204,KABUPATEN BANDUNG,ANAK BALITA,LAKI-LAKI,1,JIWA,2018
666,32,JAWA BARAT,3204,KABUPATEN BANDUNG,ANAK BALITA,PEREMPUAN,3,JIWA,2018
667,32,JAWA BARAT,3204,KABUPATEN BANDUNG,BAYI,LAKI-LAKI,112,JIWA,2018
668,32,JAWA BARAT,3204,KABUPATEN BANDUNG,BAYI,PEREMPUAN,92,JIWA,2018
669,32,JAWA BARAT,3204,KABUPATEN BANDUNG,NEONATAL,LAKI-LAKI,102,JIWA,2018
670,32,JAWA BARAT,3204,KABUPATEN BANDUNG,NEONATAL,PEREMPUAN,87,JIWA,2018
671,32,JAWA BARAT,3205,KABUPATEN GARUT,ANAK BALITA,LAKI-LAKI,1,JIWA,2018
672,32,JAWA BARAT,3205,KABUPATEN GARUT,ANAK BALITA,PEREMPUAN,1,JIWA,2018
673,32,JAWA BARAT,3205,KABUPATEN GARUT,BAYI,LAKI-LAKI,137,JIWA,2018
674,32,JAWA BARAT,3205,KABUPATEN GARUT,BAYI,PEREMPUAN,134,JIWA,2018
675,32,JAWA BARAT,3205,KABUPATEN GARUT,NEONATAL,LAKI-LAKI,129,JIWA,2018
676,32,JAWA BARAT,3205,KABUPATEN GARUT,NEONATAL,PEREMPUAN,126,JIWA,2018
677,32,JAWA BARAT,3206,KABUPATEN TASIKMALAYA,ANAK BALITA,LAKI-LAKI,6,JIWA,2018
678,32,JAWA BARAT,3206,KABUPATEN TASIKMALAYA,ANAK BALITA,PEREMPUAN,10,JIWA,2018
679,32,JAWA BARAT,3206,KABUPATEN TASIKMALAYA,BAYI,LAKI-LAKI,158,JIWA,2018
680,32,JAWA BARAT,3206,KABUPATEN TASIKMALAYA,BAYI,PEREMPUAN,102,JIWA,2018
681,32,JAWA BARAT,3206,KABUPATEN TASIKMALAYA,NEONATAL,LAKI-LAKI,138,JIWA,2018
682,32,JAWA BARAT,3206,KABUPATEN TASIKMALAYA,NEONATAL,PEREMPUAN,66,JIWA,2018
683,32,JAWA BARAT,3207,KABUPATEN CIAMIS,ANAK BALITA,LAKI-LAKI,6,JIWA,2018
684,32,JAWA BARAT,3207,KABUPATEN CIAMIS,ANAK BALITA,PEREMPUAN,7,JIWA,2018
685,32,JAWA BARAT,3207,KABUPATEN CIAMIS,BAYI,LAKI-LAKI,61,JIWA,2018
686,32,JAWA BARAT,3207,KABUPATEN CIAMIS,BAYI,PEREMPUAN,48,JIWA,2018
687,32,JAWA BARAT,3207,KABUPATEN CIAMIS,NEONATAL,LAKI-LAKI,50,JIWA,2018
688,32,JAWA BARAT,3207,KABUPATEN CIAMIS,NEONATAL,PEREMPUAN,31,JIWA,2018
689,32,JAWA BARAT,3208,KABUPATEN KUNINGAN,ANAK BALITA,LAKI-LAKI,1,JIWA,2018
690,32,JAWA BARAT,3208,KABUPATEN KUNINGAN,ANAK BALITA,PEREMPUAN,2,JIWA,2018
691,32,JAWA BARAT,3208,KABUPATEN KUNINGAN,BAYI,LAKI-LAKI,41,JIWA,2018
692,32,JAWA BARAT,3208,KABUPATEN KUNINGAN,BAYI,PEREMPUAN,37,JIWA,2018
693,32,JAWA BARAT,3208,KABUPATEN KUNINGAN,NEONATAL,LAKI-LAKI,37,JIWA,2018
694,32,JAWA BARAT,3208,KABUPATEN KUNINGAN,NEONATAL,PEREMPUAN,30,JIWA,2018
695,32,JAWA BARAT,3209,KABUPATEN CIREBON,ANAK BALITA,LAKI-LAKI,4,JIWA,2018
696,32,JAWA BARAT,3209,KABUPATEN CIREBON,ANAK BALITA,PEREMPUAN,6,JIWA,2018
697,32,JAWA BARAT,3209,KABUPATEN CIREBON,BAYI,LAKI-LAKI,78,JIWA,2018
698,32,JAWA BARAT,3209,KABUPATEN CIREBON,BAYI,PEREMPUAN,64,JIWA,2018
699,32,JAWA BARAT,3209,KABUPATEN CIREBON,NEONATAL,LAKI-LAKI,74,JIWA,2018
700,32,JAWA BARAT,3209,KABUPATEN CIREBON,NEONATAL,PEREMPUAN,60,JIWA,2018
701,32,JAWA BARAT,3210,KABUPATEN MAJALENGKA,ANAK BALITA,LAKI-LAKI,3,JIWA,2018
702,32,JAWA BARAT,3210,KABUPATEN MAJALENGKA,ANAK BALITA,PEREMPUAN,1,JIWA,2018
703,32,JAWA BARAT,3210,KABUPATEN MAJALENGKA,BAYI,LAKI-LAKI,40,JIWA,2018
704,32,JAWA BARAT,3210,KABUPATEN MAJALENGKA,BAYI,PEREMPUAN,43,JIWA,2018
705,32,JAWA BARAT,3210,KABUPATEN MAJALENGKA,NEONATAL,LAKI-LAKI,34,JIWA,2018
706,32,JAWA BARAT,3210,KABUPATEN MAJALENGKA,NEONATAL,PEREMPUAN,34,JIWA,2018
707,32,JAWA BARAT,3211,KABUPATEN SUMEDANG,ANAK BALITA,LAKI-LAKI,10,JIWA,2018
708,32,JAWA BARAT,3211,KABUPATEN SUMEDANG,ANAK BALITA,PEREMPUAN,7,JIWA,2018
709,32,JAWA BARAT,3211,KABUPATEN SUMEDANG,BAYI,LAKI-LAKI,97,JIWA,2018
710,32,JAWA BARAT,3211,KABUPATEN SUMEDANG,BAYI,PEREMPUAN,73,JIWA,2018
711,32,JAWA BARAT,3211,KABUPATEN SUMEDANG,NEONATAL,LAKI-LAKI,68,JIWA,2018
712,32,JAWA BARAT,3211,KABUPATEN SUMEDANG,NEONATAL,PEREMPUAN,45,JIWA,2018
713,32,JAWA BARAT,3212,KABUPATEN INDRAMAYU,ANAK BALITA,LAKI-LAKI,6,JIWA,2018
714,32,JAWA BARAT,3212,KABUPATEN INDRAMAYU,ANAK BALITA,PEREMPUAN,7,JIWA,2018
715,32,JAWA BARAT,3212,KABUPATEN INDRAMAYU,BAYI,LAKI-LAKI,167,JIWA,2018
716,32,JAWA BARAT,3212,KABUPATEN INDRAMAYU,BAYI,PEREMPUAN,75,JIWA,2018
717,32,JAWA BARAT,3212,KABUPATEN INDRAMAYU,NEONATAL,LAKI-LAKI,150,JIWA,2018
718,32,JAWA BARAT,3212,KABUPATEN INDRAMAYU,NEONATAL,PEREMPUAN,69,JIWA,2018
719,32,JAWA BARAT,3213,KABUPATEN SUBANG,ANAK BALITA,LAKI-LAKI,1,JIWA,2018
720,32,JAWA BARAT,3213,KABUPATEN SUBANG,ANAK BALITA,PEREMPUAN,1,JIWA,2018
721,32,JAWA BARAT,3213,KABUPATEN SUBANG,BAYI,LAKI-LAKI,56,JIWA,2018
722,32,JAWA BARAT,3213,KABUPATEN SUBANG,BAYI,PEREMPUAN,58,JIWA,2018
723,32,JAWA BARAT,3213,KABUPATEN SUBANG,NEONATAL,LAKI-LAKI,51,JIWA,2018
724,32,JAWA BARAT,3213,KABUPATEN SUBANG,NEONATAL,PEREMPUAN,53,JIWA,2018
725,32,JAWA BARAT,3214,KABUPATEN PURWAKARTA,ANAK BALITA,LAKI-LAKI,2,JIWA,2018
726,32,JAWA BARAT,3214,KABUPATEN PURWAKARTA,ANAK BALITA,PEREMPUAN,1,JIWA,2018
727,32,JAWA BARAT,3214,KABUPATEN PURWAKARTA,BAYI,LAKI-LAKI,40,JIWA,2018
728,32,JAWA BARAT,3214,KABUPATEN PURWAKARTA,BAYI,PEREMPUAN,17,JIWA,2018
729,32,JAWA BARAT,3214,KABUPATEN PURWAKARTA,NEONATAL,LAKI-LAKI,34,JIWA,2018
730,32,JAWA BARAT,3214,KABUPATEN PURWAKARTA,NEONATAL,PEREMPUAN,13,JIWA,2018
731,32,JAWA BARAT,3215,KABUPATEN KARAWANG,ANAK BALITA,LAKI-LAKI,1,JIWA,2018
732,32,JAWA BARAT,3215,KABUPATEN KARAWANG,ANAK BALITA,PEREMPUAN,8,JIWA,2018
733,32,JAWA BARAT,3215,KABUPATEN KARAWANG,BAYI,LAKI-LAKI,95,JIWA,2018
734,32,JAWA BARAT,3215,KABUPATEN KARAWANG,BAYI,PEREMPUAN,67,JIWA,2018
735,32,JAWA BARAT,3215,KABUPATEN KARAWANG,NEONATAL,LAKI-LAKI,83,JIWA,2018
736,32,JAWA BARAT,3215,KABUPATEN KARAWANG,NEONATAL,PEREMPUAN,57,JIWA,2018
737,32,JAWA BARAT,3216,KABUPATEN BEKASI,ANAK BALITA,LAKI-LAKI,0,JIWA,2018
738,32,JAWA BARAT,3216,KABUPATEN BEKASI,ANAK BALITA,PEREMPUAN,2,JIWA,2018
739,32,JAWA BARAT,3216,KABUPATEN BEKASI,BAYI,LAKI-LAKI,28,JIWA,2018
740,32,JAWA BARAT,3216,KABUPATEN BEKASI,BAYI,PEREMPUAN,13,JIWA,2018
741,32,JAWA BARAT,3216,KABUPATEN BEKASI,NEONATAL,LAKI-LAKI,28,JIWA,2018
742,32,JAWA BARAT,3216,KABUPATEN BEKASI,NEONATAL,PEREMPUAN,13,JIWA,2018
743,32,JAWA BARAT,3217,KABUPATEN BANDUNG BARAT,ANAK BALITA,LAKI-LAKI,3,JIWA,2018
744,32,JAWA BARAT,3217,KABUPATEN BANDUNG BARAT,ANAK BALITA,PEREMPUAN,1,JIWA,2018
745,32,JAWA BARAT,3217,KABUPATEN BANDUNG BARAT,BAYI,LAKI-LAKI,94,JIWA,2018
746,32,JAWA BARAT,3217,KABUPATEN BANDUNG BARAT,BAYI,PEREMPUAN,50,JIWA,2018
747,32,JAWA BARAT,3217,KABUPATEN BANDUNG BARAT,NEONATAL,LAKI-LAKI,89,JIWA,2018
748,32,JAWA BARAT,3217,KABUPATEN BANDUNG BARAT,NEONATAL,PEREMPUAN,48,JIWA,2018
749,32,JAWA BARAT,3218,KABUPATEN PANGANDARAN,ANAK BALITA,LAKI-LAKI,6,JIWA,2018
750,32,JAWA BARAT,3218,KABUPATEN PANGANDARAN,ANAK BALITA,PEREMPUAN,1,JIWA,2018
751,32,JAWA BARAT,3218,KABUPATEN PANGANDARAN,BAYI,LAKI-LAKI,15,JIWA,2018
752,32,JAWA BARAT,3218,KABUPATEN PANGANDARAN,BAYI,PEREMPUAN,18,JIWA,2018
753,32,JAWA BARAT,3218,KABUPATEN PANGANDARAN,NEONATAL,LAKI-LAKI,15,JIWA,2018
754,32,JAWA BARAT,3218,KABUPATEN PANGANDARAN,NEONATAL,PEREMPUAN,11,JIWA,2018
755,32,JAWA BARAT,3271,KOTA BOGOR,ANAK BALITA,LAKI-LAKI,4,JIWA,2018
756,32,JAWA BARAT,3271,KOTA BOGOR,ANAK BALITA,PEREMPUAN,4,JIWA,2018
757,32,JAWA BARAT,3271,KOTA BOGOR,BAYI,LAKI-LAKI,30,JIWA,2018
758,32,JAWA BARAT,3271,KOTA BOGOR,BAYI,PEREMPUAN,29,JIWA,2018
759,32,JAWA BARAT,3271,KOTA BOGOR,NEONATAL,LAKI-LAKI,24,JIWA,2018
760,32,JAWA BARAT,3271,KOTA BOGOR,NEONATAL,PEREMPUAN,24,JIWA,2018
761,32,JAWA BARAT,3272,KOTA SUKABUMI,ANAK BALITA,LAKI-LAKI,2,JIWA,2018
762,32,JAWA BARAT,3272,KOTA SUKABUMI,ANAK BALITA,PEREMPUAN,2,JIWA,2018
763,32,JAWA BARAT,3272,KOTA SUKABUMI,BAYI,LAKI-LAKI,17,JIWA,2018
764,32,JAWA BARAT,3272,KOTA SUKABUMI,BAYI,PEREMPUAN,18,JIWA,2018
765,32,JAWA BARAT,3272,KOTA SUKABUMI,NEONATAL,LAKI-LAKI,14,JIWA,2018
766,32,JAWA BARAT,3272,KOTA SUKABUMI,NEONATAL,PEREMPUAN,13,JIWA,2018
767,32,JAWA BARAT,3273,KOTA BANDUNG,ANAK BALITA,LAKI-LAKI,0,JIWA,2018
768,32,JAWA BARAT,3273,KOTA BANDUNG,ANAK BALITA,PEREMPUAN,0,JIWA,2018
769,32,JAWA BARAT,3273,KOTA BANDUNG,BAYI,LAKI-LAKI,69,JIWA,2018
770,32,JAWA BARAT,3273,KOTA BANDUNG,BAYI,PEREMPUAN,44,JIWA,2018
771,32,JAWA BARAT,3273,KOTA BANDUNG,NEONATAL,LAKI-LAKI,50,JIWA,2018
772,32,JAWA BARAT,3273,KOTA BANDUNG,NEONATAL,PEREMPUAN,28,JIWA,2018
773,32,JAWA BARAT,3274,KOTA CIREBON,ANAK BALITA,LAKI-LAKI,2,JIWA,2018
774,32,JAWA BARAT,3274,KOTA CIREBON,ANAK BALITA,PEREMPUAN,0,JIWA,2018
775,32,JAWA BARAT,3274,KOTA CIREBON,BAYI,LAKI-LAKI,12,JIWA,2018
776,32,JAWA BARAT,3274,KOTA CIREBON,BAYI,PEREMPUAN,11,JIWA,2018
777,32,JAWA BARAT,3274,KOTA CIREBON,NEONATAL,LAKI-LAKI,11,JIWA,2018
778,32,JAWA BARAT,3274,KOTA CIREBON,NEONATAL,PEREMPUAN,6,JIWA,2018
779,32,JAWA BARAT,3275,KOTA BEKASI,ANAK BALITA,LAKI-LAKI,1,JIWA,2018
780,32,JAWA BARAT,3275,KOTA BEKASI,ANAK BALITA,PEREMPUAN,0,JIWA,2018
781,32,JAWA BARAT,3275,KOTA BEKASI,BAYI,LAKI-LAKI,22,JIWA,2018
782,32,JAWA BARAT,3275,KOTA BEKASI,BAYI,PEREMPUAN,31,JIWA,2018
783,32,JAWA BARAT,3275,KOTA BEKASI,NEONATAL,LAKI-LAKI,20,JIWA,2018
784,32,JAWA BARAT,3275,KOTA BEKASI,NEONATAL,PEREMPUAN,28,JIWA,2018
785,32,JAWA BARAT,3276,KOTA DEPOK,ANAK BALITA,LAKI-LAKI,4,JIWA,2018
786,32,JAWA BARAT,3276,KOTA DEPOK,BAYI,LAKI-LAKI,53,JIWA,2018
787,32,JAWA BARAT,3276,KOTA DEPOK,BAYI,PEREMPUAN,14,JIWA,2018
788,32,JAWA BARAT,3276,KOTA DEPOK,NEONATAL,LAKI-LAKI,41,JIWA,2018
789,32,JAWA BARAT,3276,KOTA DEPOK,NEONATAL,PEREMPUAN,9,JIWA,2018
790,32,JAWA BARAT,3277,KOTA CIMAHI,ANAK BALITA,LAKI-LAKI,0,JIWA,2018
791,32,JAWA BARAT,3277,KOTA CIMAHI,ANAK BALITA,PEREMPUAN,2,JIWA,2018
792,32,JAWA BARAT,3277,KOTA CIMAHI,BAYI,LAKI-LAKI,25,JIWA,2018
793,32,JAWA BARAT,3277,KOTA CIMAHI,BAYI,PEREMPUAN,25,JIWA,2018
794,32,JAWA BARAT,3277,KOTA CIMAHI,NEONATAL,LAKI-LAKI,17,JIWA,2018
795,32,JAWA BARAT,3277,KOTA CIMAHI,NEONATAL,PEREMPUAN,19,JIWA,2018
796,32,JAWA BARAT,3278,KOTA TASIKMALAYA,ANAK BALITA,LAKI-LAKI,3,JIWA,2018
797,32,JAWA BARAT,3278,KOTA TASIKMALAYA,ANAK BALITA,PEREMPUAN,5,JIWA,2018
798,32,JAWA BARAT,3278,KOTA TASIKMALAYA,BAYI,LAKI-LAKI,50,JIWA,2018
799,32,JAWA BARAT,3278,KOTA TASIKMALAYA,BAYI,PEREMPUAN,30,JIWA,2018
800,32,JAWA BARAT,3278,KOTA TASIKMALAYA,NEONATAL,LAKI-LAKI,33,JIWA,2018
801,32,JAWA BARAT,3278,KOTA TASIKMALAYA,NEONATAL,PEREMPUAN,25,JIWA,2018
802,32,JAWA BARAT,3279,KOTA BANJAR,ANAK BALITA,LAKI-LAKI,0,JIWA,2018
803,32,JAWA BARAT,3279,KOTA BANJAR,ANAK BALITA,PEREMPUAN,0,JIWA,2018
804,32,JAWA BARAT,3279,KOTA BANJAR,BAYI,LAKI-LAKI,0,JIWA,2018
805,32,JAWA BARAT,3279,KOTA BANJAR,BAYI,PEREMPUAN,0,JIWA,2018
806,32,JAWA BARAT,3279,KOTA BANJAR,NEONATAL,LAKI-LAKI,0,JIWA,2018
807,32,JAWA BARAT,3279,KOTA BANJAR,NEONATAL,PEREMPUAN,0,JIWA,2018
808,32,JAWA BARAT,3201,KABUPATEN BOGOR,ANAK BALITA,LAKI-LAKI,2,JIWA,2019
809,32,JAWA BARAT,3201,KABUPATEN BOGOR,ANAK BALITA,PEREMPUAN,4,JIWA,2019
810,32,JAWA BARAT,3201,KABUPATEN BOGOR,BAYI,LAKI-LAKI,45,JIWA,2019
811,32,JAWA BARAT,3201,KABUPATEN BOGOR,BAYI,PEREMPUAN,59,JIWA,2019
812,32,JAWA BARAT,3201,KABUPATEN BOGOR,NEONATAL,LAKI-LAKI,42,JIWA,2019
813,32,JAWA BARAT,3201,KABUPATEN BOGOR,NEONATAL,PEREMPUAN,49,JIWA,2019
814,32,JAWA BARAT,3204,KABUPATEN BANDUNG,ANAK BALITA,LAKI-LAKI,5,JIWA,2019
815,32,JAWA BARAT,3204,KABUPATEN BANDUNG,ANAK BALITA,PEREMPUAN,6,JIWA,2019
816,32,JAWA BARAT,3204,KABUPATEN BANDUNG,BAYI,LAKI-LAKI,122,JIWA,2019
817,32,JAWA BARAT,3204,KABUPATEN BANDUNG,BAYI,PEREMPUAN,95,JIWA,2019
818,32,JAWA BARAT,3204,KABUPATEN BANDUNG,NEONATAL,LAKI-LAKI,107,JIWA,2019
819,32,JAWA BARAT,3204,KABUPATEN BANDUNG,NEONATAL,PEREMPUAN,83,JIWA,2019
820,32,JAWA BARAT,3206,KABUPATEN TASIKMALAYA,ANAK BALITA,LAKI-LAKI,10,JIWA,2019
821,32,JAWA BARAT,3206,KABUPATEN TASIKMALAYA,ANAK BALITA,PEREMPUAN,7,JIWA,2019
822,32,JAWA BARAT,3206,KABUPATEN TASIKMALAYA,BAYI,LAKI-LAKI,105,JIWA,2019
823,32,JAWA BARAT,3206,KABUPATEN TASIKMALAYA,BAYI,PEREMPUAN,77,JIWA,2019
824,32,JAWA BARAT,3206,KABUPATEN TASIKMALAYA,NEONATAL,LAKI-LAKI,86,JIWA,2019
825,32,JAWA BARAT,3206,KABUPATEN TASIKMALAYA,NEONATAL,PEREMPUAN,53,JIWA,2019
826,32,JAWA BARAT,3207,KABUPATEN CIAMIS,ANAK BALITA,LAKI-LAKI,10,JIWA,2019
827,32,JAWA BARAT,3207,KABUPATEN CIAMIS,ANAK BALITA,PEREMPUAN,6,JIWA,2019
828,32,JAWA BARAT,3207,KABUPATEN CIAMIS,BAYI,LAKI-LAKI,58,JIWA,2019
829,32,JAWA BARAT,3207,KABUPATEN CIAMIS,BAYI,PEREMPUAN,40,JIWA,2019
830,32,JAWA BARAT,3207,KABUPATEN CIAMIS,NEONATAL,LAKI-LAKI,41,JIWA,2019
831,32,JAWA BARAT,3207,KABUPATEN CIAMIS,NEONATAL,PEREMPUAN,34,JIWA,2019
832,32,JAWA BARAT,3208,KABUPATEN KUNINGAN,ANAK BALITA,LAKI-LAKI,1,JIWA,2019
833,32,JAWA BARAT,3208,KABUPATEN KUNINGAN,ANAK BALITA,PEREMPUAN,1,JIWA,2019
834,32,JAWA BARAT,3208,KABUPATEN KUNINGAN,BAYI,LAKI-LAKI,35,JIWA,2019
835,32,JAWA BARAT,3208,KABUPATEN KUNINGAN,BAYI,PEREMPUAN,34,JIWA,2019
836,32,JAWA BARAT,3208,KABUPATEN KUNINGAN,NEONATAL,LAKI-LAKI,25,JIWA,2019
837,32,JAWA BARAT,3208,KABUPATEN KUNINGAN,NEONATAL,PEREMPUAN,25,JIWA,2019
838,32,JAWA BARAT,3209,KABUPATEN CIREBON,ANAK BALITA,LAKI-LAKI,3,JIWA,2019
839,32,JAWA BARAT,3209,KABUPATEN CIREBON,ANAK BALITA,PEREMPUAN,2,JIWA,2019
840,32,JAWA BARAT,3209,KABUPATEN CIREBON,BAYI,LAKI-LAKI,78,JIWA,2019
841,32,JAWA BARAT,3209,KABUPATEN CIREBON,BAYI,PEREMPUAN,49,JIWA,2019
842,32,JAWA BARAT,3209,KABUPATEN CIREBON,NEONATAL,LAKI-LAKI,67,JIWA,2019
843,32,JAWA BARAT,3209,KABUPATEN CIREBON,NEONATAL,PEREMPUAN,42,JIWA,2019
844,32,JAWA BARAT,3211,KABUPATEN SUMEDANG,ANAK BALITA,LAKI-LAKI,5,JIWA,2019
845,32,JAWA BARAT,3211,KABUPATEN SUMEDANG,ANAK BALITA,PEREMPUAN,5,JIWA,2019
846,32,JAWA BARAT,3211,KABUPATEN SUMEDANG,BAYI,LAKI-LAKI,74,JIWA,2019
847,32,JAWA BARAT,3211,KABUPATEN SUMEDANG,BAYI,PEREMPUAN,60,JIWA,2019
848,32,JAWA BARAT,3211,KABUPATEN SUMEDANG,NEONATAL,LAKI-LAKI,51,JIWA,2019
849,32,JAWA BARAT,3211,KABUPATEN SUMEDANG,NEONATAL,PEREMPUAN,38,JIWA,2019
850,32,JAWA BARAT,3212,KABUPATEN INDRAMAYU,ANAK BALITA,LAKI-LAKI,5,JIWA,2019
851,32,JAWA BARAT,3212,KABUPATEN INDRAMAYU,ANAK BALITA,PEREMPUAN,3,JIWA,2019
852,32,JAWA BARAT,3212,KABUPATEN INDRAMAYU,BAYI,LAKI-LAKI,145,JIWA,2019
853,32,JAWA BARAT,3212,KABUPATEN INDRAMAYU,BAYI,PEREMPUAN,101,JIWA,2019
854,32,JAWA BARAT,3212,KABUPATEN INDRAMAYU,NEONATAL,LAKI-LAKI,133,JIWA,2019
855,32,JAWA BARAT,3212,KABUPATEN INDRAMAYU,NEONATAL,PEREMPUAN,95,JIWA,2019
856,32,JAWA BARAT,3213,KABUPATEN SUBANG,ANAK BALITA,LAKI-LAKI,2,JIWA,2019
857,32,JAWA BARAT,3213,KABUPATEN SUBANG,ANAK BALITA,PEREMPUAN,1,JIWA,2019
858,32,JAWA BARAT,3213,KABUPATEN SUBANG,BAYI,LAKI-LAKI,56,JIWA,2019
859,32,JAWA BARAT,3213,KABUPATEN SUBANG,BAYI,PEREMPUAN,55,JIWA,2019
860,32,JAWA BARAT,3213,KABUPATEN SUBANG,NEONATAL,LAKI-LAKI,53,JIWA,2019
861,32,JAWA BARAT,3213,KABUPATEN SUBANG,NEONATAL,PEREMPUAN,53,JIWA,2019
862,32,JAWA BARAT,3214,KABUPATEN PURWAKARTA,ANAK BALITA,LAKI-LAKI,5,JIWA,2019
863,32,JAWA BARAT,3214,KABUPATEN PURWAKARTA,ANAK BALITA,PEREMPUAN,5,JIWA,2019
864,32,JAWA BARAT,3214,KABUPATEN PURWAKARTA,BAYI,LAKI-LAKI,44,JIWA,2019
865,32,JAWA BARAT,3214,KABUPATEN PURWAKARTA,BAYI,PEREMPUAN,33,JIWA,2019
866,32,JAWA BARAT,3214,KABUPATEN PURWAKARTA,NEONATAL,LAKI-LAKI,33,JIWA,2019
867,32,JAWA BARAT,3214,KABUPATEN PURWAKARTA,NEONATAL,PEREMPUAN,21,JIWA,2019
868,32,JAWA BARAT,3215,KABUPATEN KARAWANG,ANAK BALITA,LAKI-LAKI,3,JIWA,2019
869,32,JAWA BARAT,3215,KABUPATEN KARAWANG,ANAK BALITA,PEREMPUAN,1,JIWA,2019
870,32,JAWA BARAT,3215,KABUPATEN KARAWANG,BAYI,LAKI-LAKI,97,JIWA,2019
871,32,JAWA BARAT,3215,KABUPATEN KARAWANG,BAYI,PEREMPUAN,60,JIWA,2019
872,32,JAWA BARAT,3215,KABUPATEN KARAWANG,NEONATAL,LAKI-LAKI,84,JIWA,2019
873,32,JAWA BARAT,3215,KABUPATEN KARAWANG,NEONATAL,PEREMPUAN,50,JIWA,2019
874,32,JAWA BARAT,3216,KABUPATEN BEKASI,ANAK BALITA,LAKI-LAKI,0,JIWA,2019
875,32,JAWA BARAT,3216,KABUPATEN BEKASI,ANAK BALITA,PEREMPUAN,0,JIWA,2019
876,32,JAWA BARAT,3216,KABUPATEN BEKASI,BAYI,LAKI-LAKI,14,JIWA,2019
877,32,JAWA BARAT,3216,KABUPATEN BEKASI,BAYI,PEREMPUAN,21,JIWA,2019
878,32,JAWA BARAT,3216,KABUPATEN BEKASI,NEONATAL,LAKI-LAKI,14,JIWA,2019
879,32,JAWA BARAT,3216,KABUPATEN BEKASI,NEONATAL,PEREMPUAN,21,JIWA,2019
880,32,JAWA BARAT,3217,KABUPATEN BANDUNG BARAT,ANAK BALITA,LAKI-LAKI,0,JIWA,2019
881,32,JAWA BARAT,3217,KABUPATEN BANDUNG BARAT,ANAK BALITA,PEREMPUAN,0,JIWA,2019
882,32,JAWA BARAT,3217,KABUPATEN BANDUNG BARAT,BAYI,LAKI-LAKI,0,JIWA,2019
883,32,JAWA BARAT,3217,KABUPATEN BANDUNG BARAT,BAYI,PEREMPUAN,0,JIWA,2019
884,32,JAWA BARAT,3217,KABUPATEN BANDUNG BARAT,NEONATAL,LAKI-LAKI,0,JIWA,2019
885,32,JAWA BARAT,3217,KABUPATEN BANDUNG BARAT,NEONATAL,PEREMPUAN,0,JIWA,2019
886,32,JAWA BARAT,3218,KABUPATEN PANGANDARAN,ANAK BALITA,LAKI-LAKI,1,JIWA,2019
887,32,JAWA BARAT,3218,KABUPATEN PANGANDARAN,ANAK BALITA,PEREMPUAN,0,JIWA,2019
888,32,JAWA BARAT,3218,KABUPATEN PANGANDARAN,BAYI,LAKI-LAKI,22,JIWA,2019
889,32,JAWA BARAT,3218,KABUPATEN PANGANDARAN,BAYI,PEREMPUAN,11,JIWA,2019
890,32,JAWA BARAT,3218,KABUPATEN PANGANDARAN,NEONATAL,LAKI-LAKI,14,JIWA,2019
891,32,JAWA BARAT,3218,KABUPATEN PANGANDARAN,NEONATAL,PEREMPUAN,7,JIWA,2019
892,32,JAWA BARAT,3271,KOTA BOGOR,ANAK BALITA,LAKI-LAKI,3,JIWA,2019
893,32,JAWA BARAT,3271,KOTA BOGOR,ANAK BALITA,PEREMPUAN,1,JIWA,2019
894,32,JAWA BARAT,3271,KOTA BOGOR,BAYI,LAKI-LAKI,30,JIWA,2019
895,32,JAWA BARAT,3271,KOTA BOGOR,BAYI,PEREMPUAN,24,JIWA,2019
896,32,JAWA BARAT,3271,KOTA BOGOR,NEONATAL,LAKI-LAKI,25,JIWA,2019
897,32,JAWA BARAT,3271,KOTA BOGOR,NEONATAL,PEREMPUAN,19,JIWA,2019
898,32,JAWA BARAT,3272,KOTA SUKABUMI,ANAK BALITA,LAKI-LAKI,0,JIWA,2019
899,32,JAWA BARAT,3272,KOTA SUKABUMI,ANAK BALITA,PEREMPUAN,0,JIWA,2019
900,32,JAWA BARAT,3272,KOTA SUKABUMI,BAYI,LAKI-LAKI,0,JIWA,2019
901,32,JAWA BARAT,3272,KOTA SUKABUMI,BAYI,PEREMPUAN,0,JIWA,2019
902,32,JAWA BARAT,3272,KOTA SUKABUMI,NEONATAL,LAKI-LAKI,0,JIWA,2019
903,32,JAWA BARAT,3272,KOTA SUKABUMI,NEONATAL,PEREMPUAN,0,JIWA,2019
904,32,JAWA BARAT,3273,KOTA BANDUNG,ANAK BALITA,LAKI-LAKI,11,JIWA,2019
905,32,JAWA BARAT,3273,KOTA BANDUNG,ANAK BALITA,PEREMPUAN,16,JIWA,2019
906,32,JAWA BARAT,3273,KOTA BANDUNG,BAYI,LAKI-LAKI,69,JIWA,2019
907,32,JAWA BARAT,3273,KOTA BANDUNG,BAYI,PEREMPUAN,45,JIWA,2019
908,32,JAWA BARAT,3273,KOTA BANDUNG,NEONATAL,LAKI-LAKI,54,JIWA,2019
909,32,JAWA BARAT,3273,KOTA BANDUNG,NEONATAL,PEREMPUAN,31,JIWA,2019
910,32,JAWA BARAT,3274,KOTA CIREBON,ANAK BALITA,LAKI-LAKI,3,JIWA,2019
911,32,JAWA BARAT,3274,KOTA CIREBON,ANAK BALITA,PEREMPUAN,1,JIWA,2019
912,32,JAWA BARAT,3274,KOTA CIREBON,BAYI,LAKI-LAKI,9,JIWA,2019
913,32,JAWA BARAT,3274,KOTA CIREBON,BAYI,PEREMPUAN,5,JIWA,2019
914,32,JAWA BARAT,3274,KOTA CIREBON,NEONATAL,LAKI-LAKI,7,JIWA,2019
915,32,JAWA BARAT,3274,KOTA CIREBON,NEONATAL,PEREMPUAN,5,JIWA,2019
916,32,JAWA BARAT,3275,KOTA BEKASI,ANAK BALITA,LAKI-LAKI,1,JIWA,2019
917,32,JAWA BARAT,3275,KOTA BEKASI,ANAK BALITA,PEREMPUAN,2,JIWA,2019
918,32,JAWA BARAT,3275,KOTA BEKASI,BAYI,LAKI-LAKI,34,JIWA,2019
919,32,JAWA BARAT,3275,KOTA BEKASI,BAYI,PEREMPUAN,24,JIWA,2019
920,32,JAWA BARAT,3275,KOTA BEKASI,NEONATAL,LAKI-LAKI,28,JIWA,2019
921,32,JAWA BARAT,3275,KOTA BEKASI,NEONATAL,PEREMPUAN,21,JIWA,2019
922,32,JAWA BARAT,3276,KOTA DEPOK,ANAK BALITA,LAKI-LAKI,2,JIWA,2019
923,32,JAWA BARAT,3276,KOTA DEPOK,ANAK BALITA,PEREMPUAN,2,JIWA,2019
924,32,JAWA BARAT,3276,KOTA DEPOK,BAYI,LAKI-LAKI,50,JIWA,2019
925,32,JAWA BARAT,3276,KOTA DEPOK,BAYI,PEREMPUAN,31,JIWA,2019
926,32,JAWA BARAT,3276,KOTA DEPOK,NEONATAL,LAKI-LAKI,46,JIWA,2019
927,32,JAWA BARAT,3276,KOTA DEPOK,NEONATAL,PEREMPUAN,24,JIWA,2019
928,32,JAWA BARAT,3277,KOTA CIMAHI,ANAK BALITA,LAKI-LAKI,0,JIWA,2019
929,32,JAWA BARAT,3277,KOTA CIMAHI,ANAK BALITA,PEREMPUAN,2,JIWA,2019
930,32,JAWA BARAT,3277,KOTA CIMAHI,BAYI,LAKI-LAKI,29,JIWA,2019
931,32,JAWA BARAT,3277,KOTA CIMAHI,BAYI,PEREMPUAN,35,JIWA,2019
932,32,JAWA BARAT,3277,KOTA CIMAHI,NEONATAL,LAKI-LAKI,18,JIWA,2019
933,32,JAWA BARAT,3277,KOTA CIMAHI,NEONATAL,PEREMPUAN,30,JIWA,2019
934,32,JAWA BARAT,3278,KOTA TASIKMALAYA,ANAK BALITA,LAKI-LAKI,9,JIWA,2019
935,32,JAWA BARAT,3278,KOTA TASIKMALAYA,ANAK BALITA,PEREMPUAN,5,JIWA,2019
936,32,JAWA BARAT,3278,KOTA TASIKMALAYA,BAYI,LAKI-LAKI,34,JIWA,2019
937,32,JAWA BARAT,3278,KOTA TASIKMALAYA,BAYI,PEREMPUAN,28,JIWA,2019
938,32,JAWA BARAT,3278,KOTA TASIKMALAYA,NEONATAL,LAKI-LAKI,24,JIWA,2019
939,32,JAWA BARAT,3278,KOTA TASIKMALAYA,NEONATAL,PEREMPUAN,22,JIWA,2019
940,32,JAWA BARAT,3279,KOTA BANJAR,ANAK BALITA,LAKI-LAKI,9,JIWA,2019
941,32,JAWA BARAT,3279,KOTA BANJAR,ANAK BALITA,PEREMPUAN,5,JIWA,2019
942,32,JAWA BARAT,3279,KOTA BANJAR,BAYI,LAKI-LAKI,13,JIWA,2019
943,32,JAWA BARAT,3279,KOTA BANJAR,BAYI,PEREMPUAN,12,JIWA,2019
944,32,JAWA BARAT,3279,KOTA BANJAR,NEONATAL,LAKI-LAKI,10,JIWA,2019
945,32,JAWA BARAT,3279,KOTA BANJAR,NEONATAL,PEREMPUAN,7,JIWA,2019
